INSERT INTO Utilisateurs(login,mdp,type) VALUES ('Mélanie','dui','Individu');
INSERT INTO Utilisateurs(login,mdp,type) VALUES ('Ambre','Nunc','Organisation');
INSERT INTO Utilisateurs(login,mdp,type) VALUES ('Clara','rutrum','Organisation');
INSERT INTO Utilisateurs(login,mdp,type) VALUES ('Nicolas','at,','Organisation');
INSERT INTO Utilisateurs(login,mdp,type) VALUES ('Yanis','metus.','Organisation');
INSERT INTO Utilisateurs(login,mdp,type) VALUES ('Baptiste','interdum','Organisation');
INSERT INTO Utilisateurs(login,mdp,type) VALUES ('Éloïse','lacus.','Organisation');
INSERT INTO Utilisateurs(login,mdp,type) VALUES ('Catherine','metus.','Individu');
INSERT INTO Utilisateurs(login,mdp,type) VALUES ('Paul','pharetra.','Application');
INSERT INTO Utilisateurs(login,mdp,type) VALUES ('Salomé','Maecenas','Application');
INSERT INTO Utilisateurs(login,mdp,type) VALUES ('Maxence','Integer','Application');
INSERT INTO Utilisateurs(login,mdp,type) VALUES ('Maelys','urna.','Application');
INSERT INTO Utilisateurs(login,mdp,type) VALUES ('Carla','ut','Application');
INSERT INTO Utilisateurs(login,mdp,type) VALUES ('Erwan','Duis','Organisation');
INSERT INTO Utilisateurs(login,mdp,type) VALUES ('Jasmine','in,','Application');
INSERT INTO Utilisateurs(login,mdp,type) VALUES ('Anna','auctor,','Individu');
INSERT INTO Utilisateurs(login,mdp,type) VALUES ('Corentin','ornare,','Organisation');
INSERT INTO Utilisateurs(login,mdp,type) VALUES ('Lutécia','ut','Individu');
INSERT INTO Utilisateurs(login,mdp,type) VALUES ('Guillaume','lacus.','Application');
INSERT INTO Utilisateurs(login,mdp,type) VALUES ('Pierre','orci','Individu');
INSERT INTO Utilisateurs(login,mdp,type) VALUES ('Inès','turpis','Individu');
INSERT INTO Utilisateurs(login,mdp,type) VALUES ('Nina','magna.','Organisation');
INSERT INTO Utilisateurs(login,mdp,type) VALUES ('Constant','et','Individu');
INSERT INTO Utilisateurs(login,mdp,type) VALUES ('Lilou','Quisque','Individu');
INSERT INTO Utilisateurs(login,mdp,type) VALUES ('Élouan','dictum','Individu');
INSERT INTO Utilisateurs(login,mdp,type) VALUES ('Timothée','non','Application');
INSERT INTO Utilisateurs(login,mdp,type) VALUES ('Manon','ac','Application');
INSERT INTO Utilisateurs(login,mdp,type) VALUES ('Martin','nonummy','Organisation');
INSERT INTO Utilisateurs(login,mdp,type) VALUES ('Marie','Sed','Application');
INSERT INTO Utilisateurs(login,mdp,type) VALUES ('Rosalie','ac','Individu');
INSERT INTO Utilisateurs(login,mdp,type) VALUES ('Benjamin','cubilia','Application');
INSERT INTO Utilisateurs(login,mdp,type) VALUES ('Valentine','Morbi','Application');
INSERT INTO Utilisateurs(login,mdp,type) VALUES ('Grégory','est,','Application');
INSERT INTO Utilisateurs(login,mdp,type) VALUES ('Solene','enim','Individu');
INSERT INTO Utilisateurs(login,mdp,type) VALUES ('Arthur','gravida','Organisation');
INSERT INTO Utilisateurs(login,mdp,type) VALUES ('Macéo','Sed','Organisation');
INSERT INTO Utilisateurs(login,mdp,type) VALUES ('Robin','Vivamus','Individu');
INSERT INTO Utilisateurs(login,mdp,type) VALUES ('Emma','aliquet','Application');
INSERT INTO Utilisateurs(login,mdp,type) VALUES ('Edwige','molestie','Organisation');
INSERT INTO Utilisateurs(login,mdp,type) VALUES ('Maëlle','mollis','Individu');
INSERT INTO Utilisateurs(login,mdp,type) VALUES ('Bastien','justo','Application');
INSERT INTO Utilisateurs(login,mdp,type) VALUES ('Dorian','eu','Application');
INSERT INTO Utilisateurs(login,mdp,type) VALUES ('Lucie','Fusce','Individu');
INSERT INTO Utilisateurs(login,mdp,type) VALUES ('Evan','dictum','Individu');
INSERT INTO Utilisateurs(login,mdp,type) VALUES ('Capucine','neque','Individu');
INSERT INTO Utilisateurs(login,mdp,type) VALUES ('Dimitri','imperdiet','Individu');
INSERT INTO Utilisateurs(login,mdp,type) VALUES ('Adrian','eget,','Organisation');
INSERT INTO Utilisateurs(login,mdp,type) VALUES ('Maïwenn','posuere','Application');
INSERT INTO Utilisateurs(login,mdp,type) VALUES ('Louna','pharetra','Individu');
INSERT INTO Utilisateurs(login,mdp,type) VALUES ('Lou','eu','Organisation');
INSERT INTO Utilisateurs(login,mdp,type) VALUES ('Zoé','et','Individu');
INSERT INTO Utilisateurs(login,mdp,type) VALUES ('Dylan','sollicitudin','Organisation');
INSERT INTO Utilisateurs(login,mdp,type) VALUES ('Alexandre','id,','Organisation');
INSERT INTO Utilisateurs(login,mdp,type) VALUES ('Gaspard','sed','Individu');
INSERT INTO Utilisateurs(login,mdp,type) VALUES ('Kylian','Fusce','Application');
INSERT INTO Utilisateurs(login,mdp,type) VALUES ('Éléna','Mauris','Organisation');
INSERT INTO Utilisateurs(login,mdp,type) VALUES ('Juliette','diam','Individu');
INSERT INTO Utilisateurs(login,mdp,type) VALUES ('Kyllian','nibh','Organisation');
INSERT INTO Utilisateurs(login,mdp,type) VALUES ('Rose','feugiat','Organisation');
INSERT INTO Utilisateurs(login,mdp,type) VALUES ('Nathan','sollicitudin','Individu');
INSERT INTO Utilisateurs(login,mdp,type) VALUES ('Adam','ante','Application');
INSERT INTO Utilisateurs(login,mdp,type) VALUES ('Agathe','et','Application');
INSERT INTO Utilisateurs(login,mdp,type) VALUES ('Esteban','a,','Application');
INSERT INTO Utilisateurs(login,mdp,type) VALUES ('Margot','interdum.','Application');
INSERT INTO Utilisateurs(login,mdp,type) VALUES ('Cédric','Duis','Organisation');
INSERT INTO Utilisateurs(login,mdp,type) VALUES ('Julien','lobortis','Organisation');
INSERT INTO Utilisateurs(login,mdp,type) VALUES ('Angelina','odio','Individu');
INSERT INTO Utilisateurs(login,mdp,type) VALUES ('Loane','amet','Organisation');
INSERT INTO Utilisateurs(login,mdp,type) VALUES ('Jérémy','est','Application');
INSERT INTO Utilisateurs(login,mdp,type) VALUES ('Marwane','rhoncus.','Individu');
INSERT INTO Utilisateurs(login,mdp,type) VALUES ('Romain','id,','Individu');
INSERT INTO Utilisateurs(login,mdp,type) VALUES ('Cloé','Cras','Organisation');
INSERT INTO Utilisateurs(login,mdp,type) VALUES ('Émile','eget,','Organisation');
INSERT INTO Utilisateurs(login,mdp,type) VALUES ('Kimberley','Pellentesque','Individu');
INSERT INTO Utilisateurs(login,mdp,type) VALUES ('Léa','blandit','Application');
INSERT INTO Utilisateurs(login,mdp,type) VALUES ('Malo','egestas.','Organisation');
INSERT INTO Utilisateurs(login,mdp,type) VALUES ('Françoise','dictum','Application');
INSERT INTO Utilisateurs(login,mdp,type) VALUES ('Timéo','ornare,','Individu');



INSERT INTO Formulaire(ID,login,nom,date_suppression,date_creation) VALUES (1,'Mélanie','eu',NULL,'2017-04-07T18:18:23-07:00');
INSERT INTO Formulaire(ID,login,nom,date_suppression,date_creation) VALUES (2,'Ambre','risus.',NULL,'2017-06-10T13:21:50-07:00');
INSERT INTO Formulaire(ID,login,nom,date_suppression,date_creation) VALUES (3,'Clara','vel',NULL,'2017-10-09T08:12:18-07:00');
INSERT INTO Formulaire(ID,login,nom,date_suppression,date_creation) VALUES (4,'Nicolas','tempus',NULL,'2017-05-20T06:43:38-07:00');
INSERT INTO Formulaire(ID,login,nom,date_suppression,date_creation) VALUES (5,'Yanis','nisi',NULL,'2016-06-16T13:30:11-07:00');
INSERT INTO Formulaire(ID,login,nom,date_suppression,date_creation) VALUES (6,'Baptiste','lectus','2017-12-05T18:47:33-08:00','2016-09-06T15:56:57-07:00');
INSERT INTO Formulaire(ID,login,nom,date_suppression,date_creation) VALUES (7,'Éloïse','ligula',NULL,'2017-12-12T16:15:59-08:00');
INSERT INTO Formulaire(ID,login,nom,date_suppression,date_creation) VALUES (8,'Catherine','ullamcorper.',NULL,'2016-06-22T17:34:17-07:00');
INSERT INTO Formulaire(ID,login,nom,date_suppression,date_creation) VALUES (9,'Paul','auctor',NULL,'2018-04-27T00:57:31-07:00');
INSERT INTO Formulaire(ID,login,nom,date_suppression,date_creation) VALUES (10,'Salomé','amet',NULL,'2016-09-04T12:41:20-07:00');
INSERT INTO Formulaire(ID,login,nom,date_suppression,date_creation) VALUES (11,'Maxence','Duis',NULL,'2016-06-21T20:57:07-07:00');
INSERT INTO Formulaire(ID,login,nom,date_suppression,date_creation) VALUES (12,'Maelys','eu',NULL,'2017-03-23T18:09:47-07:00');
INSERT INTO Formulaire(ID,login,nom,date_suppression,date_creation) VALUES (13,'Carla','turpis.',NULL,'2016-10-13T21:08:26-07:00');
INSERT INTO Formulaire(ID,login,nom,date_suppression,date_creation) VALUES (14,'Erwan','consectetuer',NULL,'2017-06-14T17:35:02-07:00');
INSERT INTO Formulaire(ID,login,nom,date_suppression,date_creation) VALUES (15,'Jasmine','leo.','2017-11-10T04:05:35-08:00','2016-06-22T11:14:52-07:00');
INSERT INTO Formulaire(ID,login,nom,date_suppression,date_creation) VALUES (16,'Anna','orci,',NULL,'2018-03-25T13:15:11-07:00');
INSERT INTO Formulaire(ID,login,nom,date_suppression,date_creation) VALUES (17,'Corentin','Pellentesque',NULL,'2017-12-24T18:52:08-08:00');
INSERT INTO Formulaire(ID,login,nom,date_suppression,date_creation) VALUES (18,'Lutécia','in',NULL,'2016-11-06T20:16:10-08:00');
INSERT INTO Formulaire(ID,login,nom,date_suppression,date_creation) VALUES (19,'Guillaume','eu,',NULL,'2017-02-02T13:22:11-08:00');
INSERT INTO Formulaire(ID,login,nom,date_suppression,date_creation) VALUES (20,'Pierre','Nunc',NULL,'2017-10-24T04:02:26-07:00');
INSERT INTO Formulaire(ID,login,nom,date_suppression,date_creation) VALUES (21,'Inès','faucibus.',NULL,'2016-12-19T23:36:37-08:00');
INSERT INTO Formulaire(ID,login,nom,date_suppression,date_creation) VALUES (22,'Nina','Curabitur',NULL,'2017-08-16T10:34:37-07:00');
INSERT INTO Formulaire(ID,login,nom,date_suppression,date_creation) VALUES (23,'Constant','Nunc',NULL,'2017-11-30T17:37:22-08:00');
INSERT INTO Formulaire(ID,login,nom,date_suppression,date_creation) VALUES (24,'Lilou','metus.',NULL,'2016-10-11T04:50:00-07:00');
INSERT INTO Formulaire(ID,login,nom,date_suppression,date_creation) VALUES (25,'Élouan','eu',NULL,'2016-09-22T21:54:03-07:00');
INSERT INTO Formulaire(ID,login,nom,date_suppression,date_creation) VALUES (26,'Timothée','nunc',NULL,'2017-08-16T17:47:30-07:00');
INSERT INTO Formulaire(ID,login,nom,date_suppression,date_creation) VALUES (27,'Manon','convallis',NULL,'2018-04-10T05:54:16-07:00');
INSERT INTO Formulaire(ID,login,nom,date_suppression,date_creation) VALUES (28,'Martin','nec',NULL,'2017-03-07T06:56:44-08:00');
INSERT INTO Formulaire(ID,login,nom,date_suppression,date_creation) VALUES (29,'Marie','et',NULL,'2017-12-24T04:16:30-08:00');
INSERT INTO Formulaire(ID,login,nom,date_suppression,date_creation) VALUES (30,'Rosalie','magna',NULL,'2016-06-01T08:15:57-07:00');
INSERT INTO Formulaire(ID,login,nom,date_suppression,date_creation) VALUES (31,'Benjamin','tristique',NULL,'2017-01-28T21:25:00-08:00');
INSERT INTO Formulaire(ID,login,nom,date_suppression,date_creation) VALUES (32,'Valentine','arcu','2018-03-27T13:24:50-07:31','2017-07-29T06:01:43-07:00');
INSERT INTO Formulaire(ID,login,nom,date_suppression,date_creation) VALUES (33,'Grégory','semper',NULL,'2017-09-11T14:35:51-07:00');
INSERT INTO Formulaire(ID,login,nom,date_suppression,date_creation) VALUES (34,'Solene','ligula.',NULL,'2018-02-16T05:28:44-08:00');
INSERT INTO Formulaire(ID,login,nom,date_suppression,date_creation) VALUES (35,'Arthur','sem',NULL,'2017-12-14T12:04:59-08:00');
INSERT INTO Formulaire(ID,login,nom,date_suppression,date_creation) VALUES (36,'Macéo','elit',NULL,'2017-05-23T20:26:17-07:00');
INSERT INTO Formulaire(ID,login,nom,date_suppression,date_creation) VALUES (37,'Robin','lorem',NULL,'2016-11-07T16:34:54-08:00');
INSERT INTO Formulaire(ID,login,nom,date_suppression,date_creation) VALUES (38,'Emma','et',NULL,'2017-10-31T05:22:36-07:00');
INSERT INTO Formulaire(ID,login,nom,date_suppression,date_creation) VALUES (39,'Edwige','sagittis',NULL,'2017-03-07T05:08:22-08:00');
INSERT INTO Formulaire(ID,login,nom,date_suppression,date_creation) VALUES (40,'Maëlle','aliquet',NULL,'2016-05-26T10:21:36-07:00');
INSERT INTO Formulaire(ID,login,nom,date_suppression,date_creation) VALUES (41,'Bastien','amet',NULL,'2017-06-06T05:17:15-07:00');
INSERT INTO Formulaire(ID,login,nom,date_suppression,date_creation) VALUES (42,'Dorian','Sed',NULL,'2018-01-04T01:19:41-08:00');
INSERT INTO Formulaire(ID,login,nom,date_suppression,date_creation) VALUES (43,'Lucie','elit',NULL,'2017-11-10T04:20:18-08:00');
INSERT INTO Formulaire(ID,login,nom,date_suppression,date_creation) VALUES (44,'Evan','Proin',NULL,'2017-01-31T16:52:08-08:00');
INSERT INTO Formulaire(ID,login,nom,date_suppression,date_creation) VALUES (45,'Capucine','sed',NULL,'2017-10-12T18:53:12-07:00');
INSERT INTO Formulaire(ID,login,nom,date_suppression,date_creation) VALUES (46,'Dimitri','tincidunt',NULL,'2016-12-02T19:09:18-08:00');
INSERT INTO Formulaire(ID,login,nom,date_suppression,date_creation) VALUES (47,'Adrian','facilisis',NULL,'2016-06-07T15:17:23-07:00');
INSERT INTO Formulaire(ID,login,nom,date_suppression,date_creation) VALUES (48,'Maïwenn','Pellentesque',NULL,'2017-06-11T14:04:29-07:00');
INSERT INTO Formulaire(ID,login,nom,date_suppression,date_creation) VALUES (49,'Louna','feugiat.',NULL,'2017-08-24T08:45:48-07:00');
INSERT INTO Formulaire(ID,login,nom,date_suppression,date_creation) VALUES (50,'Lou','et',NULL,'2018-01-14T12:09:03-08:00');
INSERT INTO Formulaire(ID,login,nom,date_suppression,date_creation) VALUES (51,'Zoé','vel,','2018-03-27T13:24:50-07:50','2017-03-08T17:55:11-08:00');
INSERT INTO Formulaire(ID,login,nom,date_suppression,date_creation) VALUES (52,'Dylan','sem,',NULL,'2018-01-03T08:52:07-08:00');
INSERT INTO Formulaire(ID,login,nom,date_suppression,date_creation) VALUES (53,'Alexandre','felis',NULL,'2018-03-03T17:43:36-08:00');
INSERT INTO Formulaire(ID,login,nom,date_suppression,date_creation) VALUES (54,'Gaspard','urna',NULL,'2016-05-14T22:16:41-07:00');
INSERT INTO Formulaire(ID,login,nom,date_suppression,date_creation) VALUES (55,'Kylian','odio.',NULL,'2016-10-02T04:42:16-07:00');
INSERT INTO Formulaire(ID,login,nom,date_suppression,date_creation) VALUES (56,'Éléna','imperdiet',NULL,'2017-08-02T05:10:14-07:00');
INSERT INTO Formulaire(ID,login,nom,date_suppression,date_creation) VALUES (57,'Juliette','erat','2018-03-27T13:24:50-07:53','2017-11-19T08:21:26-08:00');
INSERT INTO Formulaire(ID,login,nom,date_suppression,date_creation) VALUES (58,'Kyllian','vel',NULL,'2017-05-12T11:41:17-07:00');
INSERT INTO Formulaire(ID,login,nom,date_suppression,date_creation) VALUES (59,'Rose','amet,',NULL,'2017-06-23T05:01:05-07:00');
INSERT INTO Formulaire(ID,login,nom,date_suppression,date_creation) VALUES (60,'Nathan','quis',NULL,'2016-11-16T11:22:24-08:00');
INSERT INTO Formulaire(ID,login,nom,date_suppression,date_creation) VALUES (61,'Adam','a',NULL,'2016-08-09T20:24:42-07:00');
INSERT INTO Formulaire(ID,login,nom,date_suppression,date_creation) VALUES (62,'Agathe','eget',NULL,'2017-04-25T17:32:26-07:00');
INSERT INTO Formulaire(ID,login,nom,date_suppression,date_creation) VALUES (63,'Esteban','dolor',NULL,'2017-03-03T13:42:57-08:00');
INSERT INTO Formulaire(ID,login,nom,date_suppression,date_creation) VALUES (64,'Margot','eu',NULL,'2017-07-04T07:31:32-07:00');
INSERT INTO Formulaire(ID,login,nom,date_suppression,date_creation) VALUES (65,'Cédric','eget',NULL,'2018-04-09T07:07:36-07:00');
INSERT INTO Formulaire(ID,login,nom,date_suppression,date_creation) VALUES (66,'Julien','nulla.','2018-03-27T13:24:50-07:56','2016-12-29T17:28:14-08:00');
INSERT INTO Formulaire(ID,login,nom,date_suppression,date_creation) VALUES (67,'Angelina','quam',NULL,'2018-02-18T01:21:02-08:00');
INSERT INTO Formulaire(ID,login,nom,date_suppression,date_creation) VALUES (68,'Loane','nibh.',NULL,'2017-08-22T18:15:11-07:00');
INSERT INTO Formulaire(ID,login,nom,date_suppression,date_creation) VALUES (69,'Jérémy','orci',NULL,'2017-12-13T10:13:36-08:00');
INSERT INTO Formulaire(ID,login,nom,date_suppression,date_creation) VALUES (70,'Marwane','nec,',NULL,'2017-05-01T01:06:48-07:00');
INSERT INTO Formulaire(ID,login,nom,date_suppression,date_creation) VALUES (71,'Romain','nisi',NULL,'2016-12-03T00:33:26-08:00');
INSERT INTO Formulaire(ID,login,nom,date_suppression,date_creation) VALUES (72,'Cloé','mi',NULL,'2017-03-15T08:40:29-07:00');
INSERT INTO Formulaire(ID,login,nom,date_suppression,date_creation) VALUES (73,'Émile','Sed',NULL,'2017-10-23T11:29:16-07:00');
INSERT INTO Formulaire(ID,login,nom,date_suppression,date_creation) VALUES (74,'Kimberley','sit',NULL,'2017-12-14T12:17:02-08:00');
INSERT INTO Formulaire(ID,login,nom,date_suppression,date_creation) VALUES (75,'Léa','rhoncus.','2018-03-27T13:24:50-07:74','2016-05-19T13:53:23-07:00');
INSERT INTO Formulaire(ID,login,nom,date_suppression,date_creation) VALUES (76,'Malo','senectus',NULL,'2017-01-09T21:01:23-08:00');
INSERT INTO Formulaire(ID,login,nom,date_suppression,date_creation) VALUES (77,'Françoise','non',NULL,'2016-10-28T14:46:21-07:00');
INSERT INTO Formulaire(ID,login,nom,date_suppression,date_creation) VALUES (78,'Timéo','vel,',NULL,'2017-05-30T02:15:53-07:00');



INSERT INTO Champ(form,id,type,actif,obligatoire,version,date_creation,date_suppression) VALUES (27,1,'radio',0,1,2,'2017-03-11T20:38:54-08:00','2017-11-27T13:03:06-08:00');
INSERT INTO Champ(form,id,type,actif,obligatoire,version,date_creation,date_suppression) VALUES (11,2,'number',0,1,3,'2017-04-27T09:30:13-07:00',NULL);
INSERT INTO Champ(form,id,type,actif,obligatoire,version,date_creation,date_suppression) VALUES (60,3,'date',0,1,2,'2017-09-26T22:54:08-07:00',NULL);
INSERT INTO Champ(form,id,type,actif,obligatoire,version,date_creation,date_suppression) VALUES (52,4,'date',0,1,3,'2017-02-13T07:08:42-08:00','2017-06-15T06:48:29-07:00');
INSERT INTO Champ(form,id,type,actif,obligatoire,version,date_creation,date_suppression) VALUES (28,5,'number',0,1,2,'2017-12-17T02:18:59-08:00','2017-12-05T18:47:33-08:00');
INSERT INTO Champ(form,id,type,actif,obligatoire,version,date_creation,date_suppression) VALUES (13,6,'number',0,0,1,'2017-03-23T13:10:26-07:00',NULL);
INSERT INTO Champ(form,id,type,actif,obligatoire,version,date_creation,date_suppression) VALUES (27,7,'Text',1,0,2,'2017-07-09T04:27:54-07:00',NULL);
INSERT INTO Champ(form,id,type,actif,obligatoire,version,date_creation,date_suppression) VALUES (3,8,'url',0,0,2,'2017-07-14T23:47:47-07:00',NULL);
INSERT INTO Champ(form,id,type,actif,obligatoire,version,date_creation,date_suppression) VALUES (19,9,'radio',0,0,3,'2018-01-25T07:10:03-08:00','2018-03-11T22:49:46-07:00');
INSERT INTO Champ(form,id,type,actif,obligatoire,version,date_creation,date_suppression) VALUES (57,10,'radio',1,1,2,'2017-10-12T11:20:48-07:00','2017-10-24T12:10:19-07:00');
INSERT INTO Champ(form,id,type,actif,obligatoire,version,date_creation,date_suppression) VALUES (76,11,'url',0,1,2,'2017-06-29T01:28:16-07:00','2017-08-19T02:45:31-07:00');
INSERT INTO Champ(form,id,type,actif,obligatoire,version,date_creation,date_suppression) VALUES (21,12,'email',1,0,2,'2017-01-09T04:41:59-08:00','2017-12-17T17:46:52-08:00');
INSERT INTO Champ(form,id,type,actif,obligatoire,version,date_creation,date_suppression) VALUES (18,13,'radio',0,0,1,'2017-10-24T21:11:12-07:00','2017-09-14T09:27:56-07:00');
INSERT INTO Champ(form,id,type,actif,obligatoire,version,date_creation,date_suppression) VALUES (30,14,'email',1,1,3,'2017-02-17T21:15:02-08:00',NULL);
INSERT INTO Champ(form,id,type,actif,obligatoire,version,date_creation,date_suppression) VALUES (1,15,'Text',1,0,3,'2018-03-24T20:48:49-07:00','2017-10-20T21:10:13-07:00');
INSERT INTO Champ(form,id,type,actif,obligatoire,version,date_creation,date_suppression) VALUES (18,16,'checkbox',0,0,1,'2017-11-07T04:38:02-08:00','2017-11-10T04:05:35-08:00');
INSERT INTO Champ(form,id,type,actif,obligatoire,version,date_creation,date_suppression) VALUES (25,17,'number',1,1,1,'2016-12-25T20:32:46-08:00','2017-07-27T23:18:48-07:00');
INSERT INTO Champ(form,id,type,actif,obligatoire,version,date_creation,date_suppression) VALUES (54,18,'checkbox',0,0,2,'2018-03-26T12:34:16-07:00','2018-03-13T19:45:57-07:00');
INSERT INTO Champ(form,id,type,actif,obligatoire,version,date_creation,date_suppression) VALUES (38,19,'number',1,0,3,'2018-01-27T04:18:03-08:00','2017-08-05T13:41:55-07:00');
INSERT INTO Champ(form,id,type,actif,obligatoire,version,date_creation,date_suppression) VALUES (4,20,'Text',1,1,1,'2017-05-21T01:51:44-07:00','2017-10-10T17:53:51-07:00');
INSERT INTO Champ(form,id,type,actif,obligatoire,version,date_creation,date_suppression) VALUES (55,21,'checkbox',1,1,1,'2017-02-02T05:46:09-08:00','2017-03-12T12:52:43-07:00');
INSERT INTO Champ(form,id,type,actif,obligatoire,version,date_creation,date_suppression) VALUES (11,22,'email',0,0,3,'2017-03-11T21:53:48-08:00','2017-05-12T21:58:03-07:00');
INSERT INTO Champ(form,id,type,actif,obligatoire,version,date_creation,date_suppression) VALUES (56,23,'url',0,0,1,'2017-10-12T01:12:16-07:00','2017-11-22T06:45:55-08:00');
INSERT INTO Champ(form,id,type,actif,obligatoire,version,date_creation,date_suppression) VALUES (11,24,'url',1,0,1,'2017-06-23T00:37:23-07:00',NULL);
INSERT INTO Champ(form,id,type,actif,obligatoire,version,date_creation,date_suppression) VALUES (58,25,'date',1,0,3,'2017-11-15T11:53:19-08:00',NULL);
INSERT INTO Champ(form,id,type,actif,obligatoire,version,date_creation,date_suppression) VALUES (13,26,'url',1,1,1,'2017-01-19T10:58:42-08:00','2017-11-23T20:16:23-08:00');
INSERT INTO Champ(form,id,type,actif,obligatoire,version,date_creation,date_suppression) VALUES (3,27,'number',0,1,2,'2017-06-28T06:10:32-07:00','2017-08-10T23:52:14-07:00');
INSERT INTO Champ(form,id,type,actif,obligatoire,version,date_creation,date_suppression) VALUES (6,28,'checkbox',0,1,3,'2017-08-23T09:48:46-07:00',NULL);
INSERT INTO Champ(form,id,type,actif,obligatoire,version,date_creation,date_suppression) VALUES (73,29,'radio',0,1,2,'2016-11-23T16:56:26-08:00',NULL);
INSERT INTO Champ(form,id,type,actif,obligatoire,version,date_creation,date_suppression) VALUES (9,30,'number',1,0,2,'2017-02-12T11:45:27-08:00','2017-10-10T20:20:51-07:00');
INSERT INTO Champ(form,id,type,actif,obligatoire,version,date_creation,date_suppression) VALUES (53,31,'number',1,0,1,'2017-01-23T07:22:26-08:00',NULL);
INSERT INTO Champ(form,id,type,actif,obligatoire,version,date_creation,date_suppression) VALUES (73,32,'url',0,0,2,'2017-06-30T00:12:58-07:00','2017-11-13T14:20:29-08:00');
INSERT INTO Champ(form,id,type,actif,obligatoire,version,date_creation,date_suppression) VALUES (49,33,'date',0,0,2,'2017-01-04T22:42:51-08:00','2018-02-16T20:04:21-08:00');
INSERT INTO Champ(form,id,type,actif,obligatoire,version,date_creation,date_suppression) VALUES (17,34,'email',0,0,2,'2016-11-18T22:52:24-08:00','2017-04-22T13:25:15-07:00');
INSERT INTO Champ(form,id,type,actif,obligatoire,version,date_creation,date_suppression) VALUES (5,35,'checkbox',0,1,1,'2017-03-26T17:43:57-07:00','2018-02-02T00:02:45-08:00');
INSERT INTO Champ(form,id,type,actif,obligatoire,version,date_creation,date_suppression) VALUES (2,36,'email',0,0,1,'2017-01-04T00:49:23-08:00',NULL);
INSERT INTO Champ(form,id,type,actif,obligatoire,version,date_creation,date_suppression) VALUES (77,37,'url',0,1,3,'2017-03-01T05:32:34-08:00','2018-02-13T17:28:19-08:00');
INSERT INTO Champ(form,id,type,actif,obligatoire,version,date_creation,date_suppression) VALUES (71,38,'date',1,0,3,'2017-05-14T02:37:52-07:00',NULL);
INSERT INTO Champ(form,id,type,actif,obligatoire,version,date_creation,date_suppression) VALUES (46,39,'number',1,0,1,'2017-06-17T22:04:13-07:00','2017-09-05T10:56:22-07:00');
INSERT INTO Champ(form,id,type,actif,obligatoire,version,date_creation,date_suppression) VALUES (39,40,'checkbox',1,0,3,'2017-05-09T00:21:36-07:00','2017-05-27T13:22:03-07:00');
INSERT INTO Champ(form,id,type,actif,obligatoire,version,date_creation,date_suppression) VALUES (52,41,'url',0,1,1,'2017-02-08T12:57:54-08:00','2017-07-20T20:39:56-07:00');
INSERT INTO Champ(form,id,type,actif,obligatoire,version,date_creation,date_suppression) VALUES (52,42,'date',1,0,1,'2017-07-05T13:52:09-07:00','2017-09-28T06:14:15-07:00');
INSERT INTO Champ(form,id,type,actif,obligatoire,version,date_creation,date_suppression) VALUES (34,43,'radio',1,0,2,'2017-06-16T22:08:27-07:00','2017-09-05T08:20:06-07:00');
INSERT INTO Champ(form,id,type,actif,obligatoire,version,date_creation,date_suppression) VALUES (13,44,'number',0,1,3,'2017-06-12T12:16:27-07:00',NULL);
INSERT INTO Champ(form,id,type,actif,obligatoire,version,date_creation,date_suppression) VALUES (46,45,'url',1,1,1,'2016-12-02T03:07:31-08:00','2018-01-22T06:29:21-08:00');
INSERT INTO Champ(form,id,type,actif,obligatoire,version,date_creation,date_suppression) VALUES (47,46,'date',1,1,1,'2017-06-29T03:37:40-07:00','2017-08-13T03:02:47-07:00');
INSERT INTO Champ(form,id,type,actif,obligatoire,version,date_creation,date_suppression) VALUES (57,47,'checkbox',1,1,3,'2017-07-11T00:01:53-07:00','2017-04-06T03:06:06-07:00');
INSERT INTO Champ(form,id,type,actif,obligatoire,version,date_creation,date_suppression) VALUES (28,48,'checkbox',0,0,3,'2017-06-22T21:02:54-07:00','2017-10-01T15:57:21-07:00');
INSERT INTO Champ(form,id,type,actif,obligatoire,version,date_creation,date_suppression) VALUES (32,49,'url',0,1,3,'2017-12-16T17:23:24-08:00',NULL);
INSERT INTO Champ(form,id,type,actif,obligatoire,version,date_creation,date_suppression) VALUES (66,50,'number',1,1,1,'2017-10-21T01:03:00-07:00','2017-11-20T01:17:29-08:00');
INSERT INTO Champ(form,id,type,actif,obligatoire,version,date_creation,date_suppression) VALUES (20,51,'number',1,1,1,'2017-04-29T17:54:55-07:00',NULL);
INSERT INTO Champ(form,id,type,actif,obligatoire,version,date_creation,date_suppression) VALUES (18,52,'date',1,0,2,'2018-01-01T01:58:59-08:00','2017-05-23T10:37:42-07:00');
INSERT INTO Champ(form,id,type,actif,obligatoire,version,date_creation,date_suppression) VALUES (15,53,'email',0,0,3,'2018-03-04T20:23:23-08:00','2018-03-16T09:35:47-07:00');
INSERT INTO Champ(form,id,type,actif,obligatoire,version,date_creation,date_suppression) VALUES (51,54,'checkbox',1,0,1,'2017-04-02T09:38:08-07:00',NULL);
INSERT INTO Champ(form,id,type,actif,obligatoire,version,date_creation,date_suppression) VALUES (74,55,'date',0,0,3,'2017-11-17T05:27:50-08:00',NULL);
INSERT INTO Champ(form,id,type,actif,obligatoire,version,date_creation,date_suppression) VALUES (32,56,'Text',1,0,3,'2017-01-26T10:21:12-08:00',NULL);
INSERT INTO Champ(form,id,type,actif,obligatoire,version,date_creation,date_suppression) VALUES (21,57,'checkbox',1,0,1,'2017-04-23T07:44:09-07:00','2017-06-01T08:33:11-07:00');
INSERT INTO Champ(form,id,type,actif,obligatoire,version,date_creation,date_suppression) VALUES (15,58,'email',0,0,2,'2018-03-18T11:09:15-07:00',NULL);
INSERT INTO Champ(form,id,type,actif,obligatoire,version,date_creation,date_suppression) VALUES (7,59,'radio',0,0,3,'2017-01-03T06:37:04-08:00','2017-09-18T19:31:25-07:00');
INSERT INTO Champ(form,id,type,actif,obligatoire,version,date_creation,date_suppression) VALUES (39,60,'email',0,0,3,'2018-03-11T01:02:21-08:00',NULL);
INSERT INTO Champ(form,id,type,actif,obligatoire,version,date_creation,date_suppression) VALUES (28,61,'email',1,0,3,'2017-11-25T02:06:00-08:00',NULL);
INSERT INTO Champ(form,id,type,actif,obligatoire,version,date_creation,date_suppression) VALUES (43,62,'url',0,1,3,'2016-12-02T00:33:35-08:00','2017-06-08T08:19:34-07:00');
INSERT INTO Champ(form,id,type,actif,obligatoire,version,date_creation,date_suppression) VALUES (3,63,'Text',1,1,3,'2018-01-22T10:30:35-08:00',NULL);
INSERT INTO Champ(form,id,type,actif,obligatoire,version,date_creation,date_suppression) VALUES (43,64,'Text',1,1,1,'2016-11-21T03:08:41-08:00',NULL);
INSERT INTO Champ(form,id,type,actif,obligatoire,version,date_creation,date_suppression) VALUES (13,65,'radio',0,0,3,'2017-02-06T06:37:25-08:00',NULL);
INSERT INTO Champ(form,id,type,actif,obligatoire,version,date_creation,date_suppression) VALUES (10,66,'url',0,1,2,'2018-03-31T05:59:27-07:00','2017-12-22T04:51:03-08:00');
INSERT INTO Champ(form,id,type,actif,obligatoire,version,date_creation,date_suppression) VALUES (47,67,'radio',0,1,1,'2017-12-02T18:56:09-08:00','2017-08-16T04:06:04-07:00');
INSERT INTO Champ(form,id,type,actif,obligatoire,version,date_creation,date_suppression) VALUES (3,68,'url',1,1,2,'2017-01-28T06:57:12-08:00',NULL);
INSERT INTO Champ(form,id,type,actif,obligatoire,version,date_creation,date_suppression) VALUES (54,69,'url',0,0,2,'2017-11-21T07:15:32-08:00','2017-10-27T18:00:37-07:00');
INSERT INTO Champ(form,id,type,actif,obligatoire,version,date_creation,date_suppression) VALUES (19,70,'date',0,1,1,'2017-12-24T00:57:46-08:00','2018-02-17T01:18:05-08:00');
INSERT INTO Champ(form,id,type,actif,obligatoire,version,date_creation,date_suppression) VALUES (26,71,'date',0,1,3,'2017-04-26T04:18:35-07:00','2017-05-07T02:19:44-07:00');
INSERT INTO Champ(form,id,type,actif,obligatoire,version,date_creation,date_suppression) VALUES (47,72,'radio',0,0,3,'2017-01-02T18:47:19-08:00','2017-12-25T15:13:51-08:00');
INSERT INTO Champ(form,id,type,actif,obligatoire,version,date_creation,date_suppression) VALUES (70,73,'email',0,1,3,'2017-09-12T20:29:44-07:00','2017-10-14T22:18:56-07:00');
INSERT INTO Champ(form,id,type,actif,obligatoire,version,date_creation,date_suppression) VALUES (37,74,'email',1,1,2,'2018-02-18T17:48:04-08:00',NULL);
INSERT INTO Champ(form,id,type,actif,obligatoire,version,date_creation,date_suppression) VALUES (23,75,'Text',0,0,3,'2017-12-24T19:12:04-08:00','2018-01-22T15:53:21-08:00');
INSERT INTO Champ(form,id,type,actif,obligatoire,version,date_creation,date_suppression) VALUES (10,76,'email',0,1,1,'2018-03-30T11:33:22-07:00','2017-10-19T08:41:16-07:00');
INSERT INTO Champ(form,id,type,actif,obligatoire,version,date_creation,date_suppression) VALUES (33,77,'radio',0,0,3,'2017-08-07T14:56:04-07:00','2018-02-21T17:38:30-08:00');
INSERT INTO Champ(form,id,type,actif,obligatoire,version,date_creation,date_suppression) VALUES (39,78,'Text',0,1,2,'2018-02-08T09:35:27-08:00',NULL);
INSERT INTO Champ(form,id,type,actif,obligatoire,version,date_creation,date_suppression) VALUES (69,79,'Text',1,1,3,'2017-11-17T05:49:59-08:00','2018-04-01T09:45:23-07:00');
INSERT INTO Champ(form,id,type,actif,obligatoire,version,date_creation,date_suppression) VALUES (18,80,'checkbox',0,0,1,'2017-07-17T09:21:04-07:00','2017-11-29T04:10:13-08:00');
INSERT INTO Champ(form,id,type,actif,obligatoire,version,date_creation,date_suppression) VALUES (4,81,'number',1,1,3,'2016-11-10T10:14:13-08:00','2017-05-03T22:04:31-07:00');
INSERT INTO Champ(form,id,type,actif,obligatoire,version,date_creation,date_suppression) VALUES (6,82,'radio',1,1,1,'2017-02-17T13:11:09-08:00',NULL);
INSERT INTO Champ(form,id,type,actif,obligatoire,version,date_creation,date_suppression) VALUES (63,83,'Text',0,0,1,'2018-04-02T12:08:57-07:00','2017-07-26T09:07:07-07:00');
INSERT INTO Champ(form,id,type,actif,obligatoire,version,date_creation,date_suppression) VALUES (4,84,'checkbox',0,0,2,'2016-11-20T14:28:12-08:00',NULL);
INSERT INTO Champ(form,id,type,actif,obligatoire,version,date_creation,date_suppression) VALUES (75,85,'url',1,1,3,'2018-01-27T16:50:30-08:00','2017-05-08T02:13:02-07:00');
INSERT INTO Champ(form,id,type,actif,obligatoire,version,date_creation,date_suppression) VALUES (77,86,'radio',0,1,1,'2017-04-20T10:51:34-07:00',NULL);
INSERT INTO Champ(form,id,type,actif,obligatoire,version,date_creation,date_suppression) VALUES (59,87,'number',1,0,1,'2017-04-22T04:57:46-07:00',NULL);
INSERT INTO Champ(form,id,type,actif,obligatoire,version,date_creation,date_suppression) VALUES (78,88,'Text',0,0,2,'2017-08-31T11:43:11-07:00','2017-06-14T03:34:03-07:00');
INSERT INTO Champ(form,id,type,actif,obligatoire,version,date_creation,date_suppression) VALUES (48,89,'number',0,1,3,'2016-12-20T22:16:58-08:00',NULL);
INSERT INTO Champ(form,id,type,actif,obligatoire,version,date_creation,date_suppression) VALUES (27,90,'date',1,0,3,'2017-10-07T02:07:31-07:00',NULL);
INSERT INTO Champ(form,id,type,actif,obligatoire,version,date_creation,date_suppression) VALUES (43,91,'email',0,0,2,'2017-05-07T07:50:17-07:00',NULL);
INSERT INTO Champ(form,id,type,actif,obligatoire,version,date_creation,date_suppression) VALUES (76,92,'number',0,1,1,'2018-03-14T16:53:19-07:00',NULL);
INSERT INTO Champ(form,id,type,actif,obligatoire,version,date_creation,date_suppression) VALUES (8,93,'number',1,1,2,'2017-04-09T12:27:18-07:00','2017-04-22T19:02:26-07:00');
INSERT INTO Champ(form,id,type,actif,obligatoire,version,date_creation,date_suppression) VALUES (36,94,'email',0,0,2,'2017-07-19T04:48:15-07:00',NULL);
INSERT INTO Champ(form,id,type,actif,obligatoire,version,date_creation,date_suppression) VALUES (24,95,'Text',1,0,2,'2017-03-08T10:04:37-08:00',NULL);
INSERT INTO Champ(form,id,type,actif,obligatoire,version,date_creation,date_suppression) VALUES (53,96,'checkbox',1,0,1,'2017-01-20T07:12:07-08:00',NULL);
INSERT INTO Champ(form,id,type,actif,obligatoire,version,date_creation,date_suppression) VALUES (74,97,'radio',0,0,1,'2017-07-01T11:56:46-07:00','2017-03-23T17:49:09-07:00');
INSERT INTO Champ(form,id,type,actif,obligatoire,version,date_creation,date_suppression) VALUES (60,98,'date',0,0,3,'2017-09-11T06:46:03-07:00','2017-07-28T00:45:40-07:00');
INSERT INTO Champ(form,id,type,actif,obligatoire,version,date_creation,date_suppression) VALUES (19,99,'date',0,1,1,'2017-12-18T10:59:06-08:00','2017-05-01T05:41:36-07:00');
INSERT INTO Champ(form,id,type,actif,obligatoire,version,date_creation,date_suppression) VALUES (59,100,'Text',1,0,2,'2017-04-01T06:16:40-07:00','2017-08-28T17:55:18-07:00');




INSERT INTO Label(id,champ,valeur,langue) VALUES (1,49,'quis,','ara');
INSERT INTO Label(id,champ,valeur,langue) VALUES (2,73,'imperdiet','chi');
INSERT INTO Label(id,champ,valeur,langue) VALUES (3,68,'felis','ara');
INSERT INTO Label(id,champ,valeur,langue) VALUES (4,50,'et','fra');
INSERT INTO Label(id,champ,valeur,langue) VALUES (5,27,'a','esp');
INSERT INTO Label(id,champ,valeur,langue) VALUES (6,69,'pede.','ara');
INSERT INTO Label(id,champ,valeur,langue) VALUES (7,16,'auctor','deu');
INSERT INTO Label(id,champ,valeur,langue) VALUES (8,64,'enim.','chi');
INSERT INTO Label(id,champ,valeur,langue) VALUES (9,27,'montes,','ara');
INSERT INTO Label(id,champ,valeur,langue) VALUES (10,6,'non,','eng');
INSERT INTO Label(id,champ,valeur,langue) VALUES (11,42,'Vivamus','fra');
INSERT INTO Label(id,champ,valeur,langue) VALUES (12,97,'magna','deu');
INSERT INTO Label(id,champ,valeur,langue) VALUES (13,59,'Proin','chi');
INSERT INTO Label(id,champ,valeur,langue) VALUES (14,54,'ullamcorper,','ara');
INSERT INTO Label(id,champ,valeur,langue) VALUES (15,70,'iaculis','chi');
INSERT INTO Label(id,champ,valeur,langue) VALUES (16,80,'Donec','esp');
INSERT INTO Label(id,champ,valeur,langue) VALUES (17,92,'senectus','deu');
INSERT INTO Label(id,champ,valeur,langue) VALUES (18,45,'accumsan','eng');
INSERT INTO Label(id,champ,valeur,langue) VALUES (19,1,'et','chi');
INSERT INTO Label(id,champ,valeur,langue) VALUES (20,67,'orci','deu');
INSERT INTO Label(id,champ,valeur,langue) VALUES (21,45,'diam.','ara');
INSERT INTO Label(id,champ,valeur,langue) VALUES (22,57,'Nulla','jap');
INSERT INTO Label(id,champ,valeur,langue) VALUES (23,25,'sociis','deu');
INSERT INTO Label(id,champ,valeur,langue) VALUES (24,73,'Aliquam','deu');
INSERT INTO Label(id,champ,valeur,langue) VALUES (25,70,'condimentum.','fra');
INSERT INTO Label(id,champ,valeur,langue) VALUES (26,94,'a,','fra');
INSERT INTO Label(id,champ,valeur,langue) VALUES (27,36,'nec,','esp');
INSERT INTO Label(id,champ,valeur,langue) VALUES (28,15,'turpis','ara');
INSERT INTO Label(id,champ,valeur,langue) VALUES (29,61,'sit','ara');
INSERT INTO Label(id,champ,valeur,langue) VALUES (30,44,'Phasellus','chi');
INSERT INTO Label(id,champ,valeur,langue) VALUES (31,46,'et','ara');
INSERT INTO Label(id,champ,valeur,langue) VALUES (32,41,'ad','deu');
INSERT INTO Label(id,champ,valeur,langue) VALUES (33,17,'accumsan','fra');
INSERT INTO Label(id,champ,valeur,langue) VALUES (34,78,'ipsum','chi');
INSERT INTO Label(id,champ,valeur,langue) VALUES (35,43,'placerat.','fra');
INSERT INTO Label(id,champ,valeur,langue) VALUES (36,58,'nunc','deu');
INSERT INTO Label(id,champ,valeur,langue) VALUES (37,15,'pharetra.','fra');
INSERT INTO Label(id,champ,valeur,langue) VALUES (38,58,'eget','ara');
INSERT INTO Label(id,champ,valeur,langue) VALUES (39,90,'mi','fra');
INSERT INTO Label(id,champ,valeur,langue) VALUES (40,20,'dis','ara');
INSERT INTO Label(id,champ,valeur,langue) VALUES (41,3,'ornare','chi');
INSERT INTO Label(id,champ,valeur,langue) VALUES (42,60,'aliquam,','jap');
INSERT INTO Label(id,champ,valeur,langue) VALUES (43,8,'malesuada','esp');
INSERT INTO Label(id,champ,valeur,langue) VALUES (44,11,'Integer','esp');
INSERT INTO Label(id,champ,valeur,langue) VALUES (45,38,'Sed','jap');
INSERT INTO Label(id,champ,valeur,langue) VALUES (46,93,'at,','chi');
INSERT INTO Label(id,champ,valeur,langue) VALUES (47,2,'porttitor','chi');
INSERT INTO Label(id,champ,valeur,langue) VALUES (48,46,'sed','eng');
INSERT INTO Label(id,champ,valeur,langue) VALUES (49,17,'pulvinar','jap');
INSERT INTO Label(id,champ,valeur,langue) VALUES (50,99,'eu,','esp');
INSERT INTO Label(id,champ,valeur,langue) VALUES (51,72,'egestas','fra');
INSERT INTO Label(id,champ,valeur,langue) VALUES (52,26,'Fusce','fra');
INSERT INTO Label(id,champ,valeur,langue) VALUES (53,35,'Nullam','chi');
INSERT INTO Label(id,champ,valeur,langue) VALUES (54,14,'non,','jap');
INSERT INTO Label(id,champ,valeur,langue) VALUES (55,1,'gravida','deu');
INSERT INTO Label(id,champ,valeur,langue) VALUES (56,65,'mi','chi');
INSERT INTO Label(id,champ,valeur,langue) VALUES (57,12,'adipiscing','deu');
INSERT INTO Label(id,champ,valeur,langue) VALUES (58,82,'dolor','chi');
INSERT INTO Label(id,champ,valeur,langue) VALUES (59,27,'bibendum','deu');
INSERT INTO Label(id,champ,valeur,langue) VALUES (60,61,'Curabitur','deu');
INSERT INTO Label(id,champ,valeur,langue) VALUES (61,72,'ac','deu');
INSERT INTO Label(id,champ,valeur,langue) VALUES (62,100,'euismod','ara');
INSERT INTO Label(id,champ,valeur,langue) VALUES (63,85,'Lorem','esp');
INSERT INTO Label(id,champ,valeur,langue) VALUES (64,81,'et','chi');
INSERT INTO Label(id,champ,valeur,langue) VALUES (65,5,'adipiscing,','eng');
INSERT INTO Label(id,champ,valeur,langue) VALUES (66,51,'ante','fra');
INSERT INTO Label(id,champ,valeur,langue) VALUES (67,11,'tincidunt','deu');
INSERT INTO Label(id,champ,valeur,langue) VALUES (68,12,'tincidunt','deu');
INSERT INTO Label(id,champ,valeur,langue) VALUES (69,25,'nunc,','esp');
INSERT INTO Label(id,champ,valeur,langue) VALUES (70,67,'est.','esp');
INSERT INTO Label(id,champ,valeur,langue) VALUES (71,86,'Donec','jap');
INSERT INTO Label(id,champ,valeur,langue) VALUES (72,99,'Mauris','fra');
INSERT INTO Label(id,champ,valeur,langue) VALUES (73,3,'id','deu');
INSERT INTO Label(id,champ,valeur,langue) VALUES (74,85,'Proin','fra');
INSERT INTO Label(id,champ,valeur,langue) VALUES (75,99,'aliquet','esp');
INSERT INTO Label(id,champ,valeur,langue) VALUES (76,24,'erat,','jap');
INSERT INTO Label(id,champ,valeur,langue) VALUES (77,97,'Nullam','jap');
INSERT INTO Label(id,champ,valeur,langue) VALUES (78,18,'sem','ara');
INSERT INTO Label(id,champ,valeur,langue) VALUES (79,33,'ante.','deu');
INSERT INTO Label(id,champ,valeur,langue) VALUES (80,80,'Mauris','eng');
INSERT INTO Label(id,champ,valeur,langue) VALUES (81,51,'feugiat.','jap');
INSERT INTO Label(id,champ,valeur,langue) VALUES (82,6,'Nulla','fra');
INSERT INTO Label(id,champ,valeur,langue) VALUES (83,100,'interdum.','chi');
INSERT INTO Label(id,champ,valeur,langue) VALUES (84,37,'sapien','esp');
INSERT INTO Label(id,champ,valeur,langue) VALUES (85,76,'scelerisque','fra');
INSERT INTO Label(id,champ,valeur,langue) VALUES (86,38,'sed,','ara');
INSERT INTO Label(id,champ,valeur,langue) VALUES (87,86,'vestibulum','deu');
INSERT INTO Label(id,champ,valeur,langue) VALUES (88,50,'metus','ara');
INSERT INTO Label(id,champ,valeur,langue) VALUES (89,34,'Duis','eng');
INSERT INTO Label(id,champ,valeur,langue) VALUES (90,19,'Quisque','fra');
INSERT INTO Label(id,champ,valeur,langue) VALUES (91,27,'leo,','jap');
INSERT INTO Label(id,champ,valeur,langue) VALUES (92,100,'In','esp');
INSERT INTO Label(id,champ,valeur,langue) VALUES (93,32,'sapien,','eng');
INSERT INTO Label(id,champ,valeur,langue) VALUES (94,38,'lacus,','deu');
INSERT INTO Label(id,champ,valeur,langue) VALUES (95,43,'sociosqu','fra');
INSERT INTO Label(id,champ,valeur,langue) VALUES (96,98,'ac,','chi');
INSERT INTO Label(id,champ,valeur,langue) VALUES (97,83,'elit,','eng');
INSERT INTO Label(id,champ,valeur,langue) VALUES (98,8,'sit','jap');
INSERT INTO Label(id,champ,valeur,langue) VALUES (99,62,'sagittis.','deu');
INSERT INTO Label(id,champ,valeur,langue) VALUES (100,17,'morbi','jap');




INSERT INTO Privilege(login,form,code) VALUES ('Salomé',12,'simple');
INSERT INTO Privilege(login,form,code) VALUES ('Maxence',67,'ecriture');
INSERT INTO Privilege(login,form,code) VALUES ('Maelys',32,'désactivé');
INSERT INTO Privilege(login,form,code) VALUES ('Carla',43,'suprimer');
INSERT INTO Privilege(login,form,code) VALUES ('Erwan',65,'activé');
INSERT INTO Privilege(login,form,code) VALUES ('Jasmine',48,'activé');
INSERT INTO Privilege(login,form,code) VALUES ('Anna',18,'ecriture');
INSERT INTO Privilege(login,form,code) VALUES ('Corentin',68,'simple');
INSERT INTO Privilege(login,form,code) VALUES ('Lutécia',53,'ecriture');
INSERT INTO Privilege(login,form,code) VALUES ('Guillaume',27,'activé');
INSERT INTO Privilege(login,form,code) VALUES ('Pierre',19,'simple');
INSERT INTO Privilege(login,form,code) VALUES ('Inès',30,'désactivé');
INSERT INTO Privilege(login,form,code) VALUES ('Nina',7,'simple');
INSERT INTO Privilege(login,form,code) VALUES ('Constant',73,'activé');
INSERT INTO Privilege(login,form,code) VALUES ('Lilou',71,'activé');
INSERT INTO Privilege(login,form,code) VALUES ('Élouan',42,'activé');
INSERT INTO Privilege(login,form,code) VALUES ('Timothée',51,'suprimer');
INSERT INTO Privilege(login,form,code) VALUES ('Manon',66,'activé');
INSERT INTO Privilege(login,form,code) VALUES ('Martin',22,'désactivé');
INSERT INTO Privilege(login,form,code) VALUES ('Marie',20,'ecriture');
INSERT INTO Privilege(login,form,code) VALUES ('Rosalie',11,'activé');
INSERT INTO Privilege(login,form,code) VALUES ('Benjamin',54,'désactivé');
INSERT INTO Privilege(login,form,code) VALUES ('Valentine',22,'simple');
INSERT INTO Privilege(login,form,code) VALUES ('Grégory',77,'ecriture');
INSERT INTO Privilege(login,form,code) VALUES ('Solene',18,'simple');
INSERT INTO Privilege(login,form,code) VALUES ('Arthur',74,'activé');
INSERT INTO Privilege(login,form,code) VALUES ('Macéo',68,'désactivé');
INSERT INTO Privilege(login,form,code) VALUES ('Robin',39,'activé');
INSERT INTO Privilege(login,form,code) VALUES ('Emma',55,'activé');
INSERT INTO Privilege(login,form,code) VALUES ('Edwige',47,'suprimer');
INSERT INTO Privilege(login,form,code) VALUES ('Maëlle',57,'ecriture');
INSERT INTO Privilege(login,form,code) VALUES ('Bastien',31,'désactivé');
INSERT INTO Privilege(login,form,code) VALUES ('Salomé',56,'simple');
INSERT INTO Privilege(login,form,code) VALUES ('Maxence',71,'ecriture');
INSERT INTO Privilege(login,form,code) VALUES ('Maelys',57,'suprimer');
INSERT INTO Privilege(login,form,code) VALUES ('Carla',4,'simple');
INSERT INTO Privilege(login,form,code) VALUES ('Erwan',65,'suprimer');
INSERT INTO Privilege(login,form,code) VALUES ('Jasmine',42,'suprimer');
INSERT INTO Privilege(login,form,code) VALUES ('Anna',12,'suprimer');
INSERT INTO Privilege(login,form,code) VALUES ('Corentin',52,'activé');
INSERT INTO Privilege(login,form,code) VALUES ('Lutécia',28,'activé');
INSERT INTO Privilege(login,form,code) VALUES ('Guillaume',37,'simple');
INSERT INTO Privilege(login,form,code) VALUES ('Pierre',18,'ecriture');
INSERT INTO Privilege(login,form,code) VALUES ('Inès',36,'ecriture');
INSERT INTO Privilege(login,form,code) VALUES ('Nina',36,'simple');
INSERT INTO Privilege(login,form,code) VALUES ('Constant',35,'désactivé');
INSERT INTO Privilege(login,form,code) VALUES ('Lilou',42,'activé');
INSERT INTO Privilege(login,form,code) VALUES ('Élouan',7,'désactivé');
INSERT INTO Privilege(login,form,code) VALUES ('Timothée',18,'désactivé');
INSERT INTO Privilege(login,form,code) VALUES ('Manon',65,'activé');
INSERT INTO Privilege(login,form,code) VALUES ('Martin',48,'suprimer');
INSERT INTO Privilege(login,form,code) VALUES ('Marie',25,'simple');
INSERT INTO Privilege(login,form,code) VALUES ('Rosalie',66,'simple');
INSERT INTO Privilege(login,form,code) VALUES ('Benjamin',46,'ecriture');
INSERT INTO Privilege(login,form,code) VALUES ('Valentine',16,'activé');
INSERT INTO Privilege(login,form,code) VALUES ('Grégory',14,'ecriture');
INSERT INTO Privilege(login,form,code) VALUES ('Solene',78,'désactivé');
INSERT INTO Privilege(login,form,code) VALUES ('Arthur',43,'désactivé');
INSERT INTO Privilege(login,form,code) VALUES ('Macéo',43,'désactivé');
INSERT INTO Privilege(login,form,code) VALUES ('Robin',60,'simple');
INSERT INTO Privilege(login,form,code) VALUES ('Emma',38,'ecriture');
INSERT INTO Privilege(login,form,code) VALUES ('Edwige',64,'simple');
INSERT INTO Privilege(login,form,code) VALUES ('Maëlle',20,'activé');
INSERT INTO Privilege(login,form,code) VALUES ('Bastien',78,'suprimer');
INSERT INTO Privilege(login,form,code) VALUES ('Salomé',26,'désactivé');
INSERT INTO Privilege(login,form,code) VALUES ('Maxence',31,'ecriture');
INSERT INTO Privilege(login,form,code) VALUES ('Maelys',15,'ecriture');
INSERT INTO Privilege(login,form,code) VALUES ('Carla',56,'désactivé');
INSERT INTO Privilege(login,form,code) VALUES ('Erwan',45,'simple');
INSERT INTO Privilege(login,form,code) VALUES ('Jasmine',44,'désactivé');
INSERT INTO Privilege(login,form,code) VALUES ('Anna',59,'ecriture');
INSERT INTO Privilege(login,form,code) VALUES ('Corentin',36,'ecriture');
INSERT INTO Privilege(login,form,code) VALUES ('Lutécia',71,'suprimer');
INSERT INTO Privilege(login,form,code) VALUES ('Guillaume',45,'désactivé');
INSERT INTO Privilege(login,form,code) VALUES ('Pierre',10,'suprimer');
INSERT INTO Privilege(login,form,code) VALUES ('Inès',52,'désactivé');
INSERT INTO Privilege(login,form,code) VALUES ('Nina',76,'désactivé');
INSERT INTO Privilege(login,form,code) VALUES ('Constant',6,'suprimer');
INSERT INTO Privilege(login,form,code) VALUES ('Lilou',2,'désactivé');
INSERT INTO Privilege(login,form,code) VALUES ('Élouan',39,'ecriture');
INSERT INTO Privilege(login,form,code) VALUES ('Timothée',78,'ecriture');
INSERT INTO Privilege(login,form,code) VALUES ('Manon',73,'activé');
INSERT INTO Privilege(login,form,code) VALUES ('Martin',18,'suprimer');
INSERT INTO Privilege(login,form,code) VALUES ('Marie',64,'simple');
INSERT INTO Privilege(login,form,code) VALUES ('Rosalie',6,'ecriture');
INSERT INTO Privilege(login,form,code) VALUES ('Benjamin',62,'suprimer');
INSERT INTO Privilege(login,form,code) VALUES ('Valentine',14,'suprimer');
INSERT INTO Privilege(login,form,code) VALUES ('Grégory',14,'suprimer');
INSERT INTO Privilege(login,form,code) VALUES ('Solene',23,'désactivé');
INSERT INTO Privilege(login,form,code) VALUES ('Arthur',71,'ecriture');
INSERT INTO Privilege(login,form,code) VALUES ('Macéo',36,'simple');
INSERT INTO Privilege(login,form,code) VALUES ('Robin',13,'activé');
INSERT INTO Privilege(login,form,code) VALUES ('Emma',19,'ecriture');
INSERT INTO Privilege(login,form,code) VALUES ('Edwige',46,'activé');
INSERT INTO Privilege(login,form,code) VALUES ('Maëlle',76,'suprimer');
INSERT INTO Privilege(login,form,code) VALUES ('Bastien',69,'suprimer');
INSERT INTO Privilege(login,form,code) VALUES ('Salomé',11,'simple');
INSERT INTO Privilege(login,form,code) VALUES ('Maxence',45,'ecriture');
INSERT INTO Privilege(login,form,code) VALUES ('Maelys',14,'suprimer');
INSERT INTO Privilege(login,form,code) VALUES ('Carla',23,'activé');




INSERT INTO Reponse(login,form,code) VALUES ('1',65,'2017-12-14T10:58:21-08:00');
INSERT INTO Reponse(login,form,code) VALUES ('2',31,'2017-05-07T22:02:52-07:00');
INSERT INTO Reponse(login,form,code) VALUES ('3',43,'2017-11-18T23:57:50-08:00');
INSERT INTO Reponse(login,form,code) VALUES ('4',45,'2018-02-15T12:39:49-08:00');
INSERT INTO Reponse(login,form,code) VALUES ('5',32,'2017-05-10T11:48:40-07:00');
INSERT INTO Reponse(login,form,code) VALUES ('6',60,'2017-06-24T09:03:36-07:00');
INSERT INTO Reponse(login,form,code) VALUES ('7',35,'2017-09-30T00:47:48-07:00');
INSERT INTO Reponse(login,form,code) VALUES ('8',25,'2017-06-09T18:39:49-07:00');
INSERT INTO Reponse(login,form,code) VALUES ('9',77,'2017-10-04T06:34:36-07:00');
INSERT INTO Reponse(login,form,code) VALUES ('10',61,'2017-04-17T22:47:14-07:00');
INSERT INTO Reponse(login,form,code) VALUES ('11',8,'2017-01-11T21:42:50-08:00');
INSERT INTO Reponse(login,form,code) VALUES ('12',21,'2017-01-16T23:09:12-08:00');
INSERT INTO Reponse(login,form,code) VALUES ('13',13,'2017-08-14T14:12:18-07:00');
INSERT INTO Reponse(login,form,code) VALUES ('14',31,'2017-11-28T00:39:00-08:00');
INSERT INTO Reponse(login,form,code) VALUES ('15',6,'2018-03-07T19:58:44-08:00');
INSERT INTO Reponse(login,form,code) VALUES ('16',39,'2017-11-01T00:15:17-07:00');
INSERT INTO Reponse(login,form,code) VALUES ('17',49,'2017-09-03T13:50:15-07:00');
INSERT INTO Reponse(login,form,code) VALUES ('18',13,'2017-03-22T00:45:20-07:00');
INSERT INTO Reponse(login,form,code) VALUES ('19',41,'2018-01-27T04:26:28-08:00');
INSERT INTO Reponse(login,form,code) VALUES ('20',78,'2017-10-03T22:33:17-07:00');
INSERT INTO Reponse(login,form,code) VALUES ('21',66,'2018-03-15T10:03:21-07:00');
INSERT INTO Reponse(login,form,code) VALUES ('22',22,'2017-12-06T06:21:01-08:00');
INSERT INTO Reponse(login,form,code) VALUES ('23',75,'2018-02-28T08:46:33-08:00');
INSERT INTO Reponse(login,form,code) VALUES ('24',43,'2017-12-30T21:02:57-08:00');
INSERT INTO Reponse(login,form,code) VALUES ('25',11,'2017-06-17T16:37:51-07:00');
INSERT INTO Reponse(login,form,code) VALUES ('26',30,'2017-06-10T00:26:28-07:00');
INSERT INTO Reponse(login,form,code) VALUES ('27',13,'2017-06-28T12:17:31-07:00');
INSERT INTO Reponse(login,form,code) VALUES ('28',37,'2017-06-03T19:44:41-07:00');
INSERT INTO Reponse(login,form,code) VALUES ('29',42,'2017-01-30T18:25:33-08:00');
INSERT INTO Reponse(login,form,code) VALUES ('30',28,'2017-02-14T03:13:12-08:00');
INSERT INTO Reponse(login,form,code) VALUES ('31',43,'2017-02-04T17:03:18-08:00');
INSERT INTO Reponse(login,form,code) VALUES ('32',30,'2017-08-14T23:00:42-07:00');
INSERT INTO Reponse(login,form,code) VALUES ('33',3,'2017-11-11T02:54:15-08:00');
INSERT INTO Reponse(login,form,code) VALUES ('34',52,'2017-11-08T04:27:17-08:00');
INSERT INTO Reponse(login,form,code) VALUES ('35',30,'2017-05-08T11:43:15-07:00');
INSERT INTO Reponse(login,form,code) VALUES ('36',15,'2017-10-07T06:54:28-07:00');
INSERT INTO Reponse(login,form,code) VALUES ('37',77,'2017-11-02T03:33:38-07:00');
INSERT INTO Reponse(login,form,code) VALUES ('38',19,'2017-05-02T19:43:40-07:00');
INSERT INTO Reponse(login,form,code) VALUES ('39',76,'2017-12-18T03:54:14-08:00');
INSERT INTO Reponse(login,form,code) VALUES ('40',15,'2017-01-08T03:18:10-08:00');
INSERT INTO Reponse(login,form,code) VALUES ('41',22,'2017-12-16T01:54:16-08:00');
INSERT INTO Reponse(login,form,code) VALUES ('42',71,'2017-04-16T12:47:56-07:00');
INSERT INTO Reponse(login,form,code) VALUES ('43',68,'2016-12-30T15:02:36-08:00');
INSERT INTO Reponse(login,form,code) VALUES ('44',15,'2017-03-25T23:11:18-07:00');
INSERT INTO Reponse(login,form,code) VALUES ('45',70,'2018-01-19T12:30:55-08:00');
INSERT INTO Reponse(login,form,code) VALUES ('46',9,'2017-10-30T13:33:58-07:00');
INSERT INTO Reponse(login,form,code) VALUES ('47',23,'2017-12-18T18:55:22-08:00');
INSERT INTO Reponse(login,form,code) VALUES ('48',1,'2018-02-15T23:35:02-08:00');
INSERT INTO Reponse(login,form,code) VALUES ('49',9,'2017-09-29T16:38:36-07:00');
INSERT INTO Reponse(login,form,code) VALUES ('50',40,'2017-11-04T19:17:50-07:00');
INSERT INTO Reponse(login,form,code) VALUES ('51',63,'2017-03-29T15:50:46-07:00');
INSERT INTO Reponse(login,form,code) VALUES ('52',27,'2017-03-13T03:05:09-07:00');
INSERT INTO Reponse(login,form,code) VALUES ('53',40,'2017-10-21T23:42:41-07:00');
INSERT INTO Reponse(login,form,code) VALUES ('54',28,'2017-12-01T02:06:21-08:00');
INSERT INTO Reponse(login,form,code) VALUES ('55',32,'2017-05-17T11:27:36-07:00');
INSERT INTO Reponse(login,form,code) VALUES ('56',74,'2017-05-09T16:21:05-07:00');
INSERT INTO Reponse(login,form,code) VALUES ('57',17,'2018-02-03T13:04:44-08:00');
INSERT INTO Reponse(login,form,code) VALUES ('58',32,'2017-12-20T09:25:17-08:00');
INSERT INTO Reponse(login,form,code) VALUES ('59',10,'2017-03-17T09:51:50-07:00');
INSERT INTO Reponse(login,form,code) VALUES ('60',70,'2018-03-02T14:11:09-08:00');
INSERT INTO Reponse(login,form,code) VALUES ('61',29,'2017-11-16T03:57:56-08:00');
INSERT INTO Reponse(login,form,code) VALUES ('62',73,'2017-12-26T17:22:40-08:00');
INSERT INTO Reponse(login,form,code) VALUES ('63',29,'2017-12-05T00:20:37-08:00');
INSERT INTO Reponse(login,form,code) VALUES ('64',41,'2017-01-24T20:55:03-08:00');
INSERT INTO Reponse(login,form,code) VALUES ('65',23,'2017-12-22T14:55:10-08:00');
INSERT INTO Reponse(login,form,code) VALUES ('66',19,'2017-04-22T20:02:06-07:00');
INSERT INTO Reponse(login,form,code) VALUES ('67',60,'2017-02-12T05:37:06-08:00');
INSERT INTO Reponse(login,form,code) VALUES ('68',57,'2017-01-14T20:59:36-08:00');
INSERT INTO Reponse(login,form,code) VALUES ('69',32,'2018-03-10T19:46:49-08:00');
INSERT INTO Reponse(login,form,code) VALUES ('70',18,'2017-12-17T06:06:45-08:00');
INSERT INTO Reponse(login,form,code) VALUES ('71',28,'2017-12-07T05:42:16-08:00');
INSERT INTO Reponse(login,form,code) VALUES ('72',10,'2018-03-29T13:58:28-07:00');
INSERT INTO Reponse(login,form,code) VALUES ('73',29,'2017-01-06T10:02:05-08:00');
INSERT INTO Reponse(login,form,code) VALUES ('74',4,'2018-03-12T03:26:32-07:00');
INSERT INTO Reponse(login,form,code) VALUES ('75',1,'2017-04-20T01:28:40-07:00');
INSERT INTO Reponse(login,form,code) VALUES ('76',70,'2017-10-31T12:32:31-07:00');
INSERT INTO Reponse(login,form,code) VALUES ('77',34,'2017-12-10T22:13:11-08:00');
INSERT INTO Reponse(login,form,code) VALUES ('78',22,'2017-01-10T11:12:55-08:00');
INSERT INTO Reponse(login,form,code) VALUES ('79',25,'2018-01-27T04:52:26-08:00');
INSERT INTO Reponse(login,form,code) VALUES ('80',73,'2017-06-05T00:20:54-07:00');
INSERT INTO Reponse(login,form,code) VALUES ('81',45,'2017-02-09T19:37:38-08:00');
INSERT INTO Reponse(login,form,code) VALUES ('82',74,'2017-08-23T21:16:24-07:00');
INSERT INTO Reponse(login,form,code) VALUES ('83',3,'2016-12-19T04:49:58-08:00');
INSERT INTO Reponse(login,form,code) VALUES ('84',45,'2017-08-16T21:34:05-07:00');
INSERT INTO Reponse(login,form,code) VALUES ('85',11,'2018-01-03T07:16:53-08:00');
INSERT INTO Reponse(login,form,code) VALUES ('86',61,'2017-07-22T08:18:42-07:00');
INSERT INTO Reponse(login,form,code) VALUES ('87',43,'2017-12-17T14:51:37-08:00');
INSERT INTO Reponse(login,form,code) VALUES ('88',19,'2017-08-02T09:12:00-07:00');
INSERT INTO Reponse(login,form,code) VALUES ('89',73,'2017-01-18T08:26:27-08:00');
INSERT INTO Reponse(login,form,code) VALUES ('90',12,'2018-03-12T01:54:55-07:00');
INSERT INTO Reponse(login,form,code) VALUES ('91',78,'2018-01-29T09:50:40-08:00');
INSERT INTO Reponse(login,form,code) VALUES ('92',61,'2017-03-05T01:55:12-08:00');
INSERT INTO Reponse(login,form,code) VALUES ('93',78,'2017-01-04T16:31:23-08:00');
INSERT INTO Reponse(login,form,code) VALUES ('94',78,'2016-12-29T21:11:00-08:00');
INSERT INTO Reponse(login,form,code) VALUES ('95',2,'2017-10-05T23:53:32-07:00');
INSERT INTO Reponse(login,form,code) VALUES ('96',19,'2017-02-17T07:11:59-08:00');
INSERT INTO Reponse(login,form,code) VALUES ('97',2,'2018-01-19T09:50:15-08:00');
INSERT INTO Reponse(login,form,code) VALUES ('98',53,'2016-12-29T17:33:30-08:00');
INSERT INTO Reponse(login,form,code) VALUES ('99',67,'2018-01-10T09:08:30-08:00');
INSERT INTO Reponse(login,form,code) VALUES ('100',22,'2018-01-01T18:31:25-08:00');




INSERT INTO Donnees(rep,champ,id,contenu,langue) VALUES (52,61,1,'Duis ac arcu. Nunc mauris. Morbi non','ara');
INSERT INTO Donnees(rep,champ,id,contenu,langue) VALUES (16,64,2,'elit, a feugiat tellus lorem','chi');
INSERT INTO Donnees(rep,champ,id,contenu,langue) VALUES (18,83,3,'risus odio,','ara');
INSERT INTO Donnees(rep,champ,id,contenu,langue) VALUES (67,68,4,'mi.','fra');
INSERT INTO Donnees(rep,champ,id,contenu,langue) VALUES (75,72,5,'dictum','esp');
INSERT INTO Donnees(rep,champ,id,contenu,langue) VALUES (44,21,6,'vestibulum nec,','ara');
INSERT INTO Donnees(rep,champ,id,contenu,langue) VALUES (50,80,7,'Sed pharetra, felis eget varius ultrices,','deu');
INSERT INTO Donnees(rep,champ,id,contenu,langue) VALUES (7,32,8,'Integer eu lacus. Quisque imperdiet, erat nonummy','chi');
INSERT INTO Donnees(rep,champ,id,contenu,langue) VALUES (59,57,9,'ornare, lectus','ara');
INSERT INTO Donnees(rep,champ,id,contenu,langue) VALUES (59,24,10,'aliquet libero.','eng');
INSERT INTO Donnees(rep,champ,id,contenu,langue) VALUES (19,9,11,'ut eros non enim commodo hendrerit. Donec','fra');
INSERT INTO Donnees(rep,champ,id,contenu,langue) VALUES (71,35,12,'Aenean eget metus. In nec orci. Donec','deu');
INSERT INTO Donnees(rep,champ,id,contenu,langue) VALUES (52,53,13,'et arcu imperdiet ullamcorper. Duis at lacus. Quisque','chi');
INSERT INTO Donnees(rep,champ,id,contenu,langue) VALUES (44,97,14,'nascetur ridiculus','ara');
INSERT INTO Donnees(rep,champ,id,contenu,langue) VALUES (58,1,15,'magnis dis parturient montes, nascetur ridiculus mus. Donec dignissim','chi');
INSERT INTO Donnees(rep,champ,id,contenu,langue) VALUES (69,14,16,'vitae erat vel pede blandit','esp');
INSERT INTO Donnees(rep,champ,id,contenu,langue) VALUES (55,85,17,'amet nulla.','deu');
INSERT INTO Donnees(rep,champ,id,contenu,langue) VALUES (64,80,18,'Nunc ullamcorper, velit in aliquet lobortis, nisi nibh lacinia','eng');
INSERT INTO Donnees(rep,champ,id,contenu,langue) VALUES (73,36,19,'ut odio vel est tempor bibendum. Donec felis orci,','chi');
INSERT INTO Donnees(rep,champ,id,contenu,langue) VALUES (9,28,20,'ac, eleifend vitae, erat.','deu');
INSERT INTO Donnees(rep,champ,id,contenu,langue) VALUES (68,61,21,'orci','ara');
INSERT INTO Donnees(rep,champ,id,contenu,langue) VALUES (47,5,22,'et, magna. Praesent interdum ligula eu','jap');
INSERT INTO Donnees(rep,champ,id,contenu,langue) VALUES (31,74,23,'ligula eu enim. Etiam','deu');
INSERT INTO Donnees(rep,champ,id,contenu,langue) VALUES (54,94,24,'Nullam nisl. Maecenas malesuada fringilla','deu');
INSERT INTO Donnees(rep,champ,id,contenu,langue) VALUES (78,95,25,'volutpat nunc sit amet metus. Aliquam erat volutpat. Nulla','fra');
INSERT INTO Donnees(rep,champ,id,contenu,langue) VALUES (14,25,26,'Integer mollis.','fra');
INSERT INTO Donnees(rep,champ,id,contenu,langue) VALUES (59,5,27,'risus, at fringilla purus','esp');
INSERT INTO Donnees(rep,champ,id,contenu,langue) VALUES (15,4,28,'vitae odio sagittis semper.','ara');
INSERT INTO Donnees(rep,champ,id,contenu,langue) VALUES (54,48,29,'Nunc quis arcu vel quam dignissim pharetra. Nam ac nulla.','ara');
INSERT INTO Donnees(rep,champ,id,contenu,langue) VALUES (26,91,30,'dui quis','chi');
INSERT INTO Donnees(rep,champ,id,contenu,langue) VALUES (54,46,31,'justo. Proin non massa non ante bibendum ullamcorper. Duis','ara');
INSERT INTO Donnees(rep,champ,id,contenu,langue) VALUES (40,40,32,'sollicitudin a, malesuada id, erat. Etiam vestibulum massa rutrum magna.','deu');
INSERT INTO Donnees(rep,champ,id,contenu,langue) VALUES (14,54,33,'sem molestie sodales. Mauris blandit enim consequat','fra');
INSERT INTO Donnees(rep,champ,id,contenu,langue) VALUES (10,51,34,'consectetuer','chi');
INSERT INTO Donnees(rep,champ,id,contenu,langue) VALUES (45,22,35,'iaculis quis, pede. Praesent eu dui. Cum sociis natoque penatibus','fra');
INSERT INTO Donnees(rep,champ,id,contenu,langue) VALUES (78,89,36,'pede, nonummy ut, molestie','deu');
INSERT INTO Donnees(rep,champ,id,contenu,langue) VALUES (67,100,37,'Aliquam gravida mauris','fra');
INSERT INTO Donnees(rep,champ,id,contenu,langue) VALUES (54,45,38,'amet orci. Ut','ara');
INSERT INTO Donnees(rep,champ,id,contenu,langue) VALUES (60,27,39,'Nunc pulvinar arcu et','fra');
INSERT INTO Donnees(rep,champ,id,contenu,langue) VALUES (22,23,40,'Nam tempor diam dictum sapien. Aenean massa. Integer vitae nibh.','ara');
INSERT INTO Donnees(rep,champ,id,contenu,langue) VALUES (51,13,41,'non,','chi');
INSERT INTO Donnees(rep,champ,id,contenu,langue) VALUES (8,78,42,'faucibus orci luctus et ultrices posuere cubilia Curae; Phasellus ornare.','jap');
INSERT INTO Donnees(rep,champ,id,contenu,langue) VALUES (38,74,43,'Nunc laoreet lectus quis massa. Mauris vestibulum, neque','esp');
INSERT INTO Donnees(rep,champ,id,contenu,langue) VALUES (61,88,44,'rutrum non, hendrerit id, ante. Nunc mauris sapien, cursus','esp');
INSERT INTO Donnees(rep,champ,id,contenu,langue) VALUES (15,28,45,'ut odio','jap');
INSERT INTO Donnees(rep,champ,id,contenu,langue) VALUES (28,83,46,'Nullam nisl. Maecenas','chi');
INSERT INTO Donnees(rep,champ,id,contenu,langue) VALUES (31,41,47,'eget','chi');
INSERT INTO Donnees(rep,champ,id,contenu,langue) VALUES (69,75,48,'Nam tempor diam dictum sapien. Aenean massa. Integer vitae nibh.','eng');
INSERT INTO Donnees(rep,champ,id,contenu,langue) VALUES (39,24,49,'nec tellus. Nunc lectus pede, ultrices a, auctor non,','jap');
INSERT INTO Donnees(rep,champ,id,contenu,langue) VALUES (42,30,50,'odio. Nam interdum enim','esp');
INSERT INTO Donnees(rep,champ,id,contenu,langue) VALUES (26,92,51,'Nunc mauris elit, dictum eu, eleifend nec, malesuada ut,','fra');
INSERT INTO Donnees(rep,champ,id,contenu,langue) VALUES (47,16,52,'tortor. Integer','fra');
INSERT INTO Donnees(rep,champ,id,contenu,langue) VALUES (76,14,53,'et arcu imperdiet ullamcorper. Duis at lacus.','chi');
INSERT INTO Donnees(rep,champ,id,contenu,langue) VALUES (59,50,54,'Integer in magna. Phasellus dolor elit, pellentesque a, facilisis non,','jap');
INSERT INTO Donnees(rep,champ,id,contenu,langue) VALUES (29,69,55,'semper cursus. Integer mollis. Integer','deu');
INSERT INTO Donnees(rep,champ,id,contenu,langue) VALUES (17,56,56,'amet risus. Donec egestas. Aliquam nec enim.','chi');
INSERT INTO Donnees(rep,champ,id,contenu,langue) VALUES (56,51,57,'erat eget ipsum. Suspendisse','deu');
INSERT INTO Donnees(rep,champ,id,contenu,langue) VALUES (33,30,58,'Phasellus dapibus quam quis diam. Pellentesque habitant morbi tristique','chi');
INSERT INTO Donnees(rep,champ,id,contenu,langue) VALUES (38,31,59,'tempor lorem, eget mollis lectus pede et','deu');
INSERT INTO Donnees(rep,champ,id,contenu,langue) VALUES (4,94,60,'egestas. Duis ac arcu. Nunc mauris. Morbi non sapien molestie','deu');
INSERT INTO Donnees(rep,champ,id,contenu,langue) VALUES (38,83,61,'vehicula et, rutrum eu, ultrices','deu');
INSERT INTO Donnees(rep,champ,id,contenu,langue) VALUES (12,51,62,'urna.','ara');
INSERT INTO Donnees(rep,champ,id,contenu,langue) VALUES (68,24,63,'Ut tincidunt orci quis lectus. Nullam suscipit, est ac','esp');
INSERT INTO Donnees(rep,champ,id,contenu,langue) VALUES (44,47,64,'non, egestas a, dui. Cras','chi');
INSERT INTO Donnees(rep,champ,id,contenu,langue) VALUES (49,16,65,'convallis erat, eget tincidunt dui augue eu tellus. Phasellus','eng');
INSERT INTO Donnees(rep,champ,id,contenu,langue) VALUES (41,48,66,'Quisque ornare tortor at risus. Nunc ac sem ut','fra');
INSERT INTO Donnees(rep,champ,id,contenu,langue) VALUES (17,49,67,'malesuada vel, convallis in, cursus et, eros. Proin ultrices.','deu');
INSERT INTO Donnees(rep,champ,id,contenu,langue) VALUES (56,73,68,'pharetra ut, pharetra','deu');
INSERT INTO Donnees(rep,champ,id,contenu,langue) VALUES (1,87,69,'purus mauris a nunc. In at pede.','esp');
INSERT INTO Donnees(rep,champ,id,contenu,langue) VALUES (77,60,70,'Morbi quis urna. Nunc quis','esp');
INSERT INTO Donnees(rep,champ,id,contenu,langue) VALUES (65,22,71,'porttitor','jap');
INSERT INTO Donnees(rep,champ,id,contenu,langue) VALUES (12,37,72,'vulputate, posuere vulputate, lacus. Cras interdum.','fra');
INSERT INTO Donnees(rep,champ,id,contenu,langue) VALUES (54,20,73,'ut, pellentesque eget,','deu');
INSERT INTO Donnees(rep,champ,id,contenu,langue) VALUES (71,12,74,'non leo. Vivamus nibh dolor, nonummy ac, feugiat non,','fra');
INSERT INTO Donnees(rep,champ,id,contenu,langue) VALUES (32,35,75,'Curabitur ut odio vel est tempor bibendum. Donec felis','esp');
INSERT INTO Donnees(rep,champ,id,contenu,langue) VALUES (54,67,76,'Suspendisse commodo tincidunt nibh. Phasellus','jap');
INSERT INTO Donnees(rep,champ,id,contenu,langue) VALUES (76,24,77,'dolor, nonummy ac, feugiat non,','jap');
INSERT INTO Donnees(rep,champ,id,contenu,langue) VALUES (77,3,78,'Cras dolor','ara');
INSERT INTO Donnees(rep,champ,id,contenu,langue) VALUES (41,28,79,'mi lorem, vehicula et, rutrum eu,','deu');
INSERT INTO Donnees(rep,champ,id,contenu,langue) VALUES (18,15,80,'odio semper cursus. Integer mollis.','eng');
INSERT INTO Donnees(rep,champ,id,contenu,langue) VALUES (3,28,81,'ut, sem. Nulla interdum. Curabitur dictum. Phasellus','jap');
INSERT INTO Donnees(rep,champ,id,contenu,langue) VALUES (19,4,82,'mauris, rhoncus id, mollis nec,','fra');
INSERT INTO Donnees(rep,champ,id,contenu,langue) VALUES (39,76,83,'metus sit amet ante. Vivamus non','chi');
INSERT INTO Donnees(rep,champ,id,contenu,langue) VALUES (62,53,84,'enim, sit amet','esp');
INSERT INTO Donnees(rep,champ,id,contenu,langue) VALUES (29,93,85,'sagittis. Nullam vitae diam. Proin dolor.','fra');
INSERT INTO Donnees(rep,champ,id,contenu,langue) VALUES (50,87,86,'parturient montes, nascetur ridiculus mus. Aenean','ara');
INSERT INTO Donnees(rep,champ,id,contenu,langue) VALUES (19,19,87,'Etiam laoreet, libero et tristique pellentesque, tellus sem mollis','deu');
INSERT INTO Donnees(rep,champ,id,contenu,langue) VALUES (36,35,88,'egestas. Sed pharetra, felis eget','ara');
INSERT INTO Donnees(rep,champ,id,contenu,langue) VALUES (14,50,89,'Sed nunc','eng');
INSERT INTO Donnees(rep,champ,id,contenu,langue) VALUES (23,86,90,'luctus et ultrices posuere cubilia Curae; Phasellus ornare. Fusce','fra');
INSERT INTO Donnees(rep,champ,id,contenu,langue) VALUES (60,99,91,'magna. Praesent interdum ligula eu enim. Etiam imperdiet','jap');
INSERT INTO Donnees(rep,champ,id,contenu,langue) VALUES (22,86,92,'netus et','esp');
INSERT INTO Donnees(rep,champ,id,contenu,langue) VALUES (77,4,93,'ipsum.','eng');
INSERT INTO Donnees(rep,champ,id,contenu,langue) VALUES (25,13,94,'Fusce','deu');
INSERT INTO Donnees(rep,champ,id,contenu,langue) VALUES (11,27,95,'elementum at, egestas a,','fra');
INSERT INTO Donnees(rep,champ,id,contenu,langue) VALUES (64,52,96,'diam at','chi');
INSERT INTO Donnees(rep,champ,id,contenu,langue) VALUES (62,93,97,'iaculis enim, sit amet ornare lectus justo','eng');
INSERT INTO Donnees(rep,champ,id,contenu,langue) VALUES (15,57,98,'in sodales elit erat vitae risus. Duis a mi fringilla','jap');
INSERT INTO Donnees(rep,champ,id,contenu,langue) VALUES (22,70,99,'eu tellus. Phasellus elit pede, malesuada vel, venenatis','deu');
INSERT INTO Donnees(rep,champ,id,contenu,langue) VALUES (36,7,100,'nec mauris blandit mattis. Cras eget nisi dictum augue malesuada','jap');


INSERT INTO Modification(id,champ,date,valeur_type,valeur_actif,valeur_obligatoire) VALUES (1,39,'2018-03-22T17:43:18-07:00','radio',0,1);
INSERT INTO Modification(id,champ,date,valeur_type,valeur_actif,valeur_obligatoire) VALUES (2,7,'2017-12-14T10:21:30-08:00','number',0,1);
INSERT INTO Modification(id,champ,date,valeur_type,valeur_actif,valeur_obligatoire) VALUES (3,33,'2018-03-09T14:05:58-08:00','date',0,1);
INSERT INTO Modification(id,champ,date,valeur_type,valeur_actif,valeur_obligatoire) VALUES (4,61,'2017-06-11T15:11:53-07:00','date',0,1);
INSERT INTO Modification(id,champ,date,valeur_type,valeur_actif,valeur_obligatoire) VALUES (5,29,'2017-12-10T13:59:17-08:00','number',0,1);
INSERT INTO Modification(id,champ,date,valeur_type,valeur_actif,valeur_obligatoire) VALUES (6,81,'2017-01-03T00:20:47-08:00','number',0,0);
INSERT INTO Modification(id,champ,date,valeur_type,valeur_actif,valeur_obligatoire) VALUES (7,98,'2017-12-10T19:19:30-08:00','Text',1,0);
INSERT INTO Modification(id,champ,date,valeur_type,valeur_actif,valeur_obligatoire) VALUES (8,33,'2017-02-19T19:05:19-08:00','url',0,0);
INSERT INTO Modification(id,champ,date,valeur_type,valeur_actif,valeur_obligatoire) VALUES (9,25,'2017-11-14T11:22:20-08:00','radio',0,0);
INSERT INTO Modification(id,champ,date,valeur_type,valeur_actif,valeur_obligatoire) VALUES (10,4,'2018-03-12T04:46:14-07:00','radio',1,1);
INSERT INTO Modification(id,champ,date,valeur_type,valeur_actif,valeur_obligatoire) VALUES (11,25,'2017-05-10T17:27:35-07:00','url',0,1);
INSERT INTO Modification(id,champ,date,valeur_type,valeur_actif,valeur_obligatoire) VALUES (12,56,'2017-07-09T03:17:12-07:00','email',1,0);
INSERT INTO Modification(id,champ,date,valeur_type,valeur_actif,valeur_obligatoire) VALUES (13,87,'2018-03-23T19:44:11-07:00','radio',0,0);
INSERT INTO Modification(id,champ,date,valeur_type,valeur_actif,valeur_obligatoire) VALUES (14,3,'2018-04-14T12:21:30-07:00','email',1,1);
INSERT INTO Modification(id,champ,date,valeur_type,valeur_actif,valeur_obligatoire) VALUES (15,83,'2017-01-30T17:39:48-08:00','Text',1,0);
INSERT INTO Modification(id,champ,date,valeur_type,valeur_actif,valeur_obligatoire) VALUES (16,64,'2018-01-03T21:07:52-08:00','checkbox',0,0);
INSERT INTO Modification(id,champ,date,valeur_type,valeur_actif,valeur_obligatoire) VALUES (17,4,'2018-02-15T05:42:42-08:00','number',1,1);
INSERT INTO Modification(id,champ,date,valeur_type,valeur_actif,valeur_obligatoire) VALUES (18,12,'2017-02-11T06:23:50-08:00','checkbox',0,0);
INSERT INTO Modification(id,champ,date,valeur_type,valeur_actif,valeur_obligatoire) VALUES (19,72,'2017-11-21T15:25:46-08:00','number',1,0);
INSERT INTO Modification(id,champ,date,valeur_type,valeur_actif,valeur_obligatoire) VALUES (20,32,'2017-05-29T01:29:58-07:00','Text',1,1);
INSERT INTO Modification(id,champ,date,valeur_type,valeur_actif,valeur_obligatoire) VALUES (21,44,'2017-07-24T19:52:06-07:00','checkbox',1,1);
INSERT INTO Modification(id,champ,date,valeur_type,valeur_actif,valeur_obligatoire) VALUES (22,66,'2017-06-15T14:57:33-07:00','email',0,0);
INSERT INTO Modification(id,champ,date,valeur_type,valeur_actif,valeur_obligatoire) VALUES (23,72,'2018-01-12T22:00:36-08:00','url',0,0);
INSERT INTO Modification(id,champ,date,valeur_type,valeur_actif,valeur_obligatoire) VALUES (24,26,'2016-12-17T08:04:22-08:00','url',1,0);
INSERT INTO Modification(id,champ,date,valeur_type,valeur_actif,valeur_obligatoire) VALUES (25,22,'2017-08-11T12:02:06-07:00','date',1,0);
INSERT INTO Modification(id,champ,date,valeur_type,valeur_actif,valeur_obligatoire) VALUES (26,96,'2018-01-21T21:30:04-08:00','url',1,1);
INSERT INTO Modification(id,champ,date,valeur_type,valeur_actif,valeur_obligatoire) VALUES (27,41,'2017-08-27T16:05:18-07:00','number',0,1);
INSERT INTO Modification(id,champ,date,valeur_type,valeur_actif,valeur_obligatoire) VALUES (28,4,'2017-07-10T22:28:17-07:00','checkbox',0,1);
INSERT INTO Modification(id,champ,date,valeur_type,valeur_actif,valeur_obligatoire) VALUES (29,70,'2017-01-12T17:45:15-08:00','radio',0,1);
INSERT INTO Modification(id,champ,date,valeur_type,valeur_actif,valeur_obligatoire) VALUES (30,43,'2018-02-26T03:01:47-08:00','number',1,0);
INSERT INTO Modification(id,champ,date,valeur_type,valeur_actif,valeur_obligatoire) VALUES (31,16,'2017-04-26T00:28:26-07:00','number',1,0);
INSERT INTO Modification(id,champ,date,valeur_type,valeur_actif,valeur_obligatoire) VALUES (32,62,'2017-12-14T03:54:30-08:00','url',0,0);
INSERT INTO Modification(id,champ,date,valeur_type,valeur_actif,valeur_obligatoire) VALUES (33,60,'2017-03-07T20:17:42-08:00','date',0,0);
INSERT INTO Modification(id,champ,date,valeur_type,valeur_actif,valeur_obligatoire) VALUES (34,48,'2017-03-22T04:33:46-07:00','email',0,0);
INSERT INTO Modification(id,champ,date,valeur_type,valeur_actif,valeur_obligatoire) VALUES (35,39,'2018-02-04T01:41:10-08:00','checkbox',0,1);
INSERT INTO Modification(id,champ,date,valeur_type,valeur_actif,valeur_obligatoire) VALUES (36,82,'2017-01-30T06:21:13-08:00','email',0,0);
INSERT INTO Modification(id,champ,date,valeur_type,valeur_actif,valeur_obligatoire) VALUES (37,73,'2017-01-19T13:50:41-08:00','url',0,1);
INSERT INTO Modification(id,champ,date,valeur_type,valeur_actif,valeur_obligatoire) VALUES (38,19,'2018-01-24T06:20:05-08:00','date',1,0);
INSERT INTO Modification(id,champ,date,valeur_type,valeur_actif,valeur_obligatoire) VALUES (39,8,'2017-04-17T03:42:14-07:00','number',1,0);
INSERT INTO Modification(id,champ,date,valeur_type,valeur_actif,valeur_obligatoire) VALUES (40,37,'2017-11-23T17:24:38-08:00','checkbox',1,0);
INSERT INTO Modification(id,champ,date,valeur_type,valeur_actif,valeur_obligatoire) VALUES (41,29,'2017-03-21T19:13:52-07:00','url',0,1);
INSERT INTO Modification(id,champ,date,valeur_type,valeur_actif,valeur_obligatoire) VALUES (42,83,'2018-01-13T05:06:54-08:00','date',1,0);
INSERT INTO Modification(id,champ,date,valeur_type,valeur_actif,valeur_obligatoire) VALUES (43,94,'2017-07-28T19:23:46-07:00','radio',1,0);
INSERT INTO Modification(id,champ,date,valeur_type,valeur_actif,valeur_obligatoire) VALUES (44,70,'2017-09-19T08:50:02-07:00','number',0,1);
INSERT INTO Modification(id,champ,date,valeur_type,valeur_actif,valeur_obligatoire) VALUES (45,24,'2017-12-09T01:25:18-08:00','url',1,1);
INSERT INTO Modification(id,champ,date,valeur_type,valeur_actif,valeur_obligatoire) VALUES (46,65,'2017-08-11T17:37:09-07:00','date',1,1);
INSERT INTO Modification(id,champ,date,valeur_type,valeur_actif,valeur_obligatoire) VALUES (47,77,'2017-08-20T14:37:36-07:00','checkbox',1,1);
INSERT INTO Modification(id,champ,date,valeur_type,valeur_actif,valeur_obligatoire) VALUES (48,25,'2017-04-13T00:55:22-07:00','checkbox',0,0);
INSERT INTO Modification(id,champ,date,valeur_type,valeur_actif,valeur_obligatoire) VALUES (49,25,'2017-09-26T22:43:50-07:00','url',0,1);
INSERT INTO Modification(id,champ,date,valeur_type,valeur_actif,valeur_obligatoire) VALUES (50,85,'2017-04-23T09:42:52-07:00','number',1,1);
INSERT INTO Modification(id,champ,date,valeur_type,valeur_actif,valeur_obligatoire) VALUES (51,34,'2017-05-30T19:24:49-07:00','number',1,1);
INSERT INTO Modification(id,champ,date,valeur_type,valeur_actif,valeur_obligatoire) VALUES (52,76,'2017-02-25T20:14:18-08:00','date',1,0);
INSERT INTO Modification(id,champ,date,valeur_type,valeur_actif,valeur_obligatoire) VALUES (53,89,'2018-02-19T08:48:53-08:00','email',0,0);
INSERT INTO Modification(id,champ,date,valeur_type,valeur_actif,valeur_obligatoire) VALUES (54,71,'2017-11-23T08:05:46-08:00','checkbox',1,0);
INSERT INTO Modification(id,champ,date,valeur_type,valeur_actif,valeur_obligatoire) VALUES (55,61,'2018-04-15T05:02:11-07:00','date',0,0);
INSERT INTO Modification(id,champ,date,valeur_type,valeur_actif,valeur_obligatoire) VALUES (56,53,'2017-01-31T18:47:11-08:00','Text',1,0);
INSERT INTO Modification(id,champ,date,valeur_type,valeur_actif,valeur_obligatoire) VALUES (57,22,'2017-08-10T17:51:13-07:00','checkbox',1,0);
INSERT INTO Modification(id,champ,date,valeur_type,valeur_actif,valeur_obligatoire) VALUES (58,52,'2018-02-01T00:21:06-08:00','email',0,0);
INSERT INTO Modification(id,champ,date,valeur_type,valeur_actif,valeur_obligatoire) VALUES (59,83,'2017-07-19T22:23:28-07:00','radio',0,0);
INSERT INTO Modification(id,champ,date,valeur_type,valeur_actif,valeur_obligatoire) VALUES (60,97,'2016-12-31T10:16:47-08:00','email',0,0);
INSERT INTO Modification(id,champ,date,valeur_type,valeur_actif,valeur_obligatoire) VALUES (61,9,'2017-02-13T04:38:22-08:00','email',1,0);
INSERT INTO Modification(id,champ,date,valeur_type,valeur_actif,valeur_obligatoire) VALUES (62,48,'2016-12-22T23:03:49-08:00','url',0,1);
INSERT INTO Modification(id,champ,date,valeur_type,valeur_actif,valeur_obligatoire) VALUES (63,41,'2017-09-06T22:29:58-07:00','Text',1,1);
INSERT INTO Modification(id,champ,date,valeur_type,valeur_actif,valeur_obligatoire) VALUES (64,84,'2017-09-18T23:27:14-07:00','Text',1,1);
INSERT INTO Modification(id,champ,date,valeur_type,valeur_actif,valeur_obligatoire) VALUES (65,88,'2018-01-18T09:53:38-08:00','radio',0,0);
INSERT INTO Modification(id,champ,date,valeur_type,valeur_actif,valeur_obligatoire) VALUES (66,15,'2018-01-22T11:02:51-08:00','url',0,1);
INSERT INTO Modification(id,champ,date,valeur_type,valeur_actif,valeur_obligatoire) VALUES (67,83,'2018-04-05T01:43:05-07:00','radio',0,1);
INSERT INTO Modification(id,champ,date,valeur_type,valeur_actif,valeur_obligatoire) VALUES (68,52,'2018-03-21T07:20:15-07:00','url',1,1);
INSERT INTO Modification(id,champ,date,valeur_type,valeur_actif,valeur_obligatoire) VALUES (69,89,'2017-02-18T03:22:23-08:00','url',0,0);
INSERT INTO Modification(id,champ,date,valeur_type,valeur_actif,valeur_obligatoire) VALUES (70,83,'2018-03-07T02:25:33-08:00','date',0,1);
INSERT INTO Modification(id,champ,date,valeur_type,valeur_actif,valeur_obligatoire) VALUES (71,82,'2017-01-10T13:06:57-08:00','date',0,1);
INSERT INTO Modification(id,champ,date,valeur_type,valeur_actif,valeur_obligatoire) VALUES (72,72,'2017-05-24T12:05:55-07:00','radio',0,0);
INSERT INTO Modification(id,champ,date,valeur_type,valeur_actif,valeur_obligatoire) VALUES (73,48,'2017-12-06T20:38:10-08:00','email',0,1);
INSERT INTO Modification(id,champ,date,valeur_type,valeur_actif,valeur_obligatoire) VALUES (74,66,'2017-01-31T02:38:31-08:00','email',1,1);
INSERT INTO Modification(id,champ,date,valeur_type,valeur_actif,valeur_obligatoire) VALUES (75,4,'2017-05-22T07:44:09-07:00','Text',0,0);
INSERT INTO Modification(id,champ,date,valeur_type,valeur_actif,valeur_obligatoire) VALUES (76,75,'2017-01-03T21:07:13-08:00','email',0,1);
INSERT INTO Modification(id,champ,date,valeur_type,valeur_actif,valeur_obligatoire) VALUES (77,99,'2017-02-10T03:24:25-08:00','radio',0,0);
INSERT INTO Modification(id,champ,date,valeur_type,valeur_actif,valeur_obligatoire) VALUES (78,6,'2017-11-28T08:18:45-08:00','Text',0,1);
INSERT INTO Modification(id,champ,date,valeur_type,valeur_actif,valeur_obligatoire) VALUES (79,69,'2017-08-26T13:15:05-07:00','Text',1,1);
INSERT INTO Modification(id,champ,date,valeur_type,valeur_actif,valeur_obligatoire) VALUES (80,79,'2017-03-26T00:10:48-07:00','checkbox',0,0);
INSERT INTO Modification(id,champ,date,valeur_type,valeur_actif,valeur_obligatoire) VALUES (81,45,'2017-08-27T16:28:09-07:00','number',1,1);
INSERT INTO Modification(id,champ,date,valeur_type,valeur_actif,valeur_obligatoire) VALUES (82,58,'2018-02-11T20:03:41-08:00','radio',1,1);
INSERT INTO Modification(id,champ,date,valeur_type,valeur_actif,valeur_obligatoire) VALUES (83,10,'2017-04-17T17:26:31-07:00','Text',0,0);
INSERT INTO Modification(id,champ,date,valeur_type,valeur_actif,valeur_obligatoire) VALUES (84,82,'2017-06-29T16:22:49-07:00','checkbox',0,0);
INSERT INTO Modification(id,champ,date,valeur_type,valeur_actif,valeur_obligatoire) VALUES (85,52,'2018-02-20T16:23:09-08:00','url',1,1);
INSERT INTO Modification(id,champ,date,valeur_type,valeur_actif,valeur_obligatoire) VALUES (86,35,'2018-03-24T03:24:16-07:00','radio',0,1);
INSERT INTO Modification(id,champ,date,valeur_type,valeur_actif,valeur_obligatoire) VALUES (87,5,'2018-03-05T22:48:20-08:00','number',1,0);
INSERT INTO Modification(id,champ,date,valeur_type,valeur_actif,valeur_obligatoire) VALUES (88,37,'2017-03-04T04:33:42-08:00','Text',0,0);
INSERT INTO Modification(id,champ,date,valeur_type,valeur_actif,valeur_obligatoire) VALUES (89,63,'2017-04-08T21:56:39-07:00','number',0,1);
INSERT INTO Modification(id,champ,date,valeur_type,valeur_actif,valeur_obligatoire) VALUES (90,56,'2017-10-28T12:37:16-07:00','date',1,0);
INSERT INTO Modification(id,champ,date,valeur_type,valeur_actif,valeur_obligatoire) VALUES (91,15,'2018-04-14T11:04:49-07:00','email',0,0);
INSERT INTO Modification(id,champ,date,valeur_type,valeur_actif,valeur_obligatoire) VALUES (92,63,'2017-02-06T03:27:22-08:00','number',0,1);
INSERT INTO Modification(id,champ,date,valeur_type,valeur_actif,valeur_obligatoire) VALUES (93,42,'2018-01-17T19:39:46-08:00','number',1,1);
INSERT INTO Modification(id,champ,date,valeur_type,valeur_actif,valeur_obligatoire) VALUES (94,10,'2018-01-16T19:15:01-08:00','email',0,0);
INSERT INTO Modification(id,champ,date,valeur_type,valeur_actif,valeur_obligatoire) VALUES (95,3,'2017-12-24T17:14:18-08:00','Text',1,0);
INSERT INTO Modification(id,champ,date,valeur_type,valeur_actif,valeur_obligatoire) VALUES (96,74,'2017-06-29T07:01:29-07:00','checkbox',1,0);
INSERT INTO Modification(id,champ,date,valeur_type,valeur_actif,valeur_obligatoire) VALUES (97,71,'2017-08-22T03:35:40-07:00','radio',0,0);
INSERT INTO Modification(id,champ,date,valeur_type,valeur_actif,valeur_obligatoire) VALUES (98,63,'2017-01-09T17:21:45-08:00','date',0,0);
INSERT INTO Modification(id,champ,date,valeur_type,valeur_actif,valeur_obligatoire) VALUES (99,89,'2018-01-02T03:21:03-08:00','date',0,1);
INSERT INTO Modification(id,champ,date,valeur_type,valeur_actif,valeur_obligatoire) VALUES (100,81,'2017-08-15T22:44:20-07:00','Text',1,0);
